benchmark_id,build_id,page_id,document_id,document_family_id,dataset,dataset_component,split,source_image_path,source_image_sha256,normalized_annotation_path,annotation_sha256,annotation_version,license_id,width,height,median_text_height,text_region_count,document_type,language,split_group_id,duplicate_group_id,has_table,has_amount,has_date,has_identifier,ground_truth_text_available,ground_truth_polygons_available,text_density,text_density_bucket,character_size_bucket,resolution_bucket,quality_bucket,image_contrast_stddev,image_edge_energy,diagnostic_rotation_degrees,selected_reason,is_private
ocrbench_de16f5854d8a2a6e,ocr-benchmark-8854b5f20deb6611,funsd_page_296f4e42795b7d,funsd_doc_64998426ba866d,split_0e35f001d0de5946,funsd,dataset,dev_select,data/raw/public/funsd/dataset/testing_data/images/83553333_3334.png,5811f1bc34e499edd7d6cf9fc7e1473b4bdb71005ec35ff5f6ba25ba1a6326c7,data/processed/normalized_ie_annotations/funsd/funsd_page_296f4e42795b7d.json,c04f49af098a9b9ef357f1e0775f02b3f47b8ed7505bb90ecb7f58c5ba2442ff,1.0,FUNSD-EPFL-NC-RESEARCH-EDUCATION,754,1000,14.0,204,form,en,split_0e35f001d0de5946,splitgrp_0e35f001d0de59,false,false,false,true,true,true,0.12140450928381963,high,medium,medium,clean,38.93303985288334,9.431249618530273,0,all_funsd_dev_select,false
ocrbench_4dfb28179d5578f8,ocr-benchmark-8854b5f20deb6611,funsd_page_2e27e094cb0896,funsd_doc_a0662240644356,split_2d3411ee678e95c7,funsd,dataset,dev_select,data/raw/public/funsd/dataset/training_data/images/0060094595.png,ee375bcf75f8e1ec3e46937840465a941815d6ba0833c4800f24ed699d357263,data/processed/normalized_ie_annotations/funsd/funsd_page_2e27e094cb0896.json,84dbf15fc351d1649af62da4f92a485df113eaad51d53742e75dfb9cf99d76a8,1.0,FUNSD-EPFL-NC-RESEARCH-EDUCATION,776,1000,14.0,139,form,en,split_2d3411ee678e95c7,0060094595,false,false,false,false,true,true,0.07271907216494845,medium,medium,medium,degraded,32.094207353320556,8.05124568939209,0,all_funsd_dev_select,false
ocrbench_c5a5d2e59d3ad657,ocr-benchmark-8854b5f20deb6611,funsd_page_2ec1860dcc6035,funsd_doc_b00b0fd6b0d5d9,split_e4f1abbc9dd34c9f,funsd,dataset,dev_select,data/raw/public/funsd/dataset/training_data/images/87682908.png,ddf96990766671a257b1e52bcbe43f87ecf4511d6bdf31efd82ecb6b65103f17,data/processed/normalized_ie_annotations/funsd/funsd_page_2ec1860dcc6035.json,35f9801f1083d53911d69edf9d6c838f4d91b99e8c77d3a5ac512f4e65516b56,1.0,FUNSD-EPFL-NC-RESEARCH-EDUCATION,754,1000,14.0,125,form,en,split_e4f1abbc9dd34c9f,87682908,false,true,false,false,true,true,0.09174801061007958,medium,medium,medium,clean,38.097134692022635,7.574576377868652,37,all_funsd_dev_select,false
ocrbench_8ba2bc1779ea94e8,ocr-benchmark-8854b5f20deb6611,funsd_page_331b4e11dd477c,funsd_doc_359218d25e1083,split_62ace4a73e2e00c2,funsd,dataset,dev_select,data/raw/public/funsd/dataset/training_data/images/91914407.png,1a4bf87c7b07a10d7ebec9d572c50c190e5ac636b5e4ebfb2bf077ccbfc391ab,data/processed/normalized_ie_annotations/funsd/funsd_page_331b4e11dd477c.json,ef5943896826636ca8f78dec388a28c01e921dc99feb3f0bb1bf0cf992a7ad61,1.0,FUNSD-EPFL-NC-RESEARCH-EDUCATION,802,1000,18.0,109,form,en,split_62ace4a73e2e00c2,splitgrp_62ace4a73e2e00,false,false,false,false,true,true,0.1333927680798005,high,medium,medium,degraded,33.19759182200047,9.025821685791016,0,all_funsd_dev_select,false
ocrbench_65b6875bcfdd464f,ocr-benchmark-8854b5f20deb6611,funsd_page_34ea04a8518528,funsd_doc_4172f12876e8dd,split_9238b32e1f1f3e78,funsd,dataset,dev_select,data/raw/public/funsd/dataset/training_data/images/87533049.png,0c122aeeaac9126ae8ae83c59935bc890ed7f9bd9264aba1010faab8fb678955,data/processed/normalized_ie_annotations/funsd/funsd_page_34ea04a8518528.json,0de4f4463328b3641c16d825325b037dbc1d3cc55a5534fcf29b26f9dff49f9c,1.0,FUNSD-EPFL-NC-RESEARCH-EDUCATION,754,1000,13.0,110,form,en,split_9238b32e1f1f3e78,87533049,false,true,false,false,true,true,0.0701896551724138,medium,medium,medium,clean,52.10732301355984,8.728791236877441,0,all_funsd_dev_select,false
ocrbench_ee2ee5c74c803659,ocr-benchmark-8854b5f20deb6611,funsd_page_431fb8702e4e17,funsd_doc_312f51882eb62a,split_954ae08f61964036,funsd,dataset,dev_select,data/raw/public/funsd/dataset/training_data/images/0011856542.png,c7b06a8f95ab6414146a1d9d9d1a874da10b09c6a9e6ffd1acfc207e1e95ae4d,data/processed/normalized_ie_annotations/funsd/funsd_page_431fb8702e4e17.json,8b950ccc14dcb587aaf250f90f81c05fae08c00976f876830a2f386b40b07fe7,1.0,FUNSD-EPFL-NC-RESEARCH-EDUCATION,762,1000,15.0,87,form,en,split_954ae08f61964036,splitgrp_954ae08f619640,false,false,true,false,true,true,0.0847020997375328,medium,medium,medium,degraded,23.426516336550435,4.521471977233887,0,all_funsd_dev_select,false
ocrbench_1e504f37bbf7ce81,ocr-benchmark-8854b5f20deb6611,funsd_page_45ab9aa0142a81,funsd_doc_aff0989f597731,split_f3a5d152d3f31200,funsd,dataset,dev_select,data/raw/public/funsd/dataset/testing_data/images/86328049_8050.png,a099fce72084289ea6a424193d97270b60d3249938162a09778ae836d9c3f0b5,data/processed/normalized_ie_annotations/funsd/funsd_page_45ab9aa0142a81.json,070dacab25a407fe691beb88049ac8f2ea32a5b08e42df06cde89386840e7142,1.0,FUNSD-EPFL-NC-RESEARCH-EDUCATION,754,1000,14.0,199,form,en,split_f3a5d152d3f31200,splitgrp_f3a5d152d3f312,false,false,false,false,true,true,0.1334363395225464,high,medium,medium,clean,36.1090778887815,7.6763811111450195,0,all_funsd_dev_select,false
ocrbench_e9d8a84b70b73610,ocr-benchmark-8854b5f20deb6611,funsd_page_512b1faef20fa1,funsd_doc_7f8d31fb3c9b90,split_8096a71e3226b656,funsd,dataset,dev_select,data/raw/public/funsd/dataset/training_data/images/91355841.png,d5da9fbc2f409cabcf29c1deb7deabe4ad7297db01fa42d3d7a408709415217f,data/processed/normalized_ie_annotations/funsd/funsd_page_512b1faef20fa1.json,1f252bb17cc19e1dc10111d09c47ab2eda3e7fa8a02012ee21e4a8a2b09539f2,1.0,FUNSD-EPFL-NC-RESEARCH-EDUCATION,802,1000,14.0,94,form,en,split_8096a71e3226b656,splitgrp_8096a71e3226b6,false,false,false,false,true,true,0.06183167082294264,medium,medium,medium,degraded,33.890975323002905,8.719403266906738,0,all_funsd_dev_select,false
ocrbench_b06ed9ff22f5e3e5,ocr-benchmark-8854b5f20deb6611,funsd_page_61052681d4254a,funsd_doc_7105928d0a857a,split_bdb74a7b3373bbfb,funsd,dataset,dev_select,data/raw/public/funsd/dataset/training_data/images/0001438955.png,7ed5b2bc1af9d12172869b2840647cb540675acddd7e3f6c86062d5a8cfb0aca,data/processed/normalized_ie_annotations/funsd/funsd_page_61052681d4254a.json,bc8210eda721f38dcaccd03078db5efd5a7838e2f84e7e0390caf212709e3926,1.0,FUNSD-EPFL-NC-RESEARCH-EDUCATION,762,1000,14.0,141,form,en,split_bdb74a7b3373bbfb,0001438955,false,true,false,false,true,true,0.1053490813648294,medium,medium,medium,degraded,26.733319763269527,6.111027240753174,0,all_funsd_dev_select,false
ocrbench_0d334538907192ae,ocr-benchmark-8854b5f20deb6611,funsd_page_7364acc322cf9a,funsd_doc_815a7d2d619aa8,split_ff6a15b3937be236,funsd,dataset,dev_select,data/raw/public/funsd/dataset/training_data/images/0001456787.png,dc6c8782c6b70c9a6d2daf39956c0d3ad82c82be670941e9c4d063067f42ea3f,data/processed/normalized_ie_annotations/funsd/funsd_page_7364acc322cf9a.json,2f83bebd612634c931c7bde957b4d3759850b0a287bf1d63159aac20f95c7840,1.0,FUNSD-EPFL-NC-RESEARCH-EDUCATION,762,1000,12.0,167,form,en,split_ff6a15b3937be236,0001456787,false,false,false,false,true,true,0.09671784776902888,medium,medium,medium,degraded,22.05232034977311,5.064485549926758,0,all_funsd_dev_select,false
ocrbench_1172d102a39f1cf2,ocr-benchmark-8854b5f20deb6611,funsd_page_74a62d817b2ab3,funsd_doc_2b8fa315c9f22d,split_1bd1a6cd73ce1cd1,funsd,dataset,dev_select,data/raw/public/funsd/dataset/training_data/images/0060029036.png,11ba679de8eedc3358f87428fa2365c7af48a01d2c6709457322d89236c81f28,data/processed/normalized_ie_annotations/funsd/funsd_page_74a62d817b2ab3.json,a1ea2cf4482356b8055582a0d77a9239572575c83c811288993ac512cc27d862,1.0,FUNSD-EPFL-NC-RESEARCH-EDUCATION,795,1000,15.0,137,form,en,split_1bd1a6cd73ce1cd1,splitgrp_1bd1a6cd73ce1c,false,true,true,false,true,true,0.11818364779874214,medium,medium,medium,clean,40.030850405172885,9.83473014831543,0,all_funsd_dev_select,false
ocrbench_d7c997344f7ff7cc,ocr-benchmark-8854b5f20deb6611,funsd_page_81865389ec181c,funsd_doc_4a5789696437ee,split_2b761eabb196743b,funsd,dataset,dev_select,data/raw/public/funsd/dataset/testing_data/images/87428306.png,c0aac1939d6be0e593d33b0446594915ce4ed76f760cb12d48e20565fd86e959,data/processed/normalized_ie_annotations/funsd/funsd_page_81865389ec181c.json,6a8e9da42c4c7f5788a864eec3526ca114f562d7f5b543d30daa87bb92bafd3d,1.0,FUNSD-EPFL-NC-RESEARCH-EDUCATION,770,1000,12.0,187,form,en,split_2b761eabb196743b,splitgrp_2b761eabb19674,false,false,false,true,true,true,0.10063636363636363,medium,medium,medium,clean,35.300355403594175,10.754505157470703,0,all_funsd_dev_select,false
ocrbench_5973467ccf3b5b7b,ocr-benchmark-8854b5f20deb6611,funsd_page_9ba3d32b082f9d,funsd_doc_5fbf5a4d6ab875,split_7ab0e9407a9765b4,funsd,dataset,dev_select,data/raw/public/funsd/dataset/training_data/images/0060165115.png,2d8f5285d0eb4177e0460abbe5493774e34e2a2f79c3ad2507edad6167d08109,data/processed/normalized_ie_annotations/funsd/funsd_page_9ba3d32b082f9d.json,78d948391b94901b685ff51c1a8b357b800717d52d7a360b0929b27b171787b2,1.0,FUNSD-EPFL-NC-RESEARCH-EDUCATION,754,1000,14.0,104,form,en,split_7ab0e9407a9765b4,splitgrp_7ab0e9407a9765,false,false,false,false,true,true,0.09318567639257294,medium,medium,medium,degraded,31.01087284187587,5.314817428588867,37,all_funsd_dev_select,false
ocrbench_7fc941ea5fc2fc7c,ocr-benchmark-8854b5f20deb6611,funsd_page_b53a2417e324eb,funsd_doc_aaeee9a3eaa2b2,split_3fcbbcff068375f3,funsd,dataset,dev_select,data/raw/public/funsd/dataset/testing_data/images/82504862.png,9a66fa4013bf93b9ba4e959feef7d6b2e278b714ca9d3d347b35aeb305b92626,data/processed/normalized_ie_annotations/funsd/funsd_page_b53a2417e324eb.json,0ef2b9dfdae93bcce82fd200c8adb4df5fe38da5682d76dc0cffb5ea224b282f,1.0,FUNSD-EPFL-NC-RESEARCH-EDUCATION,754,1000,13.0,63,form,en,split_3fcbbcff068375f3,82504862,false,false,false,false,true,true,0.044647214854111404,medium,medium,medium,degraded,18.557597520928635,2.412278890609741,0,all_funsd_dev_select,false
ocrbench_664a2af52ac03109,ocr-benchmark-8854b5f20deb6611,funsd_page_d249f7f61e1f47,funsd_doc_45bf6e6cfe57ac,split_e032646623aa0403,funsd,dataset,dev_select,data/raw/public/funsd/dataset/training_data/images/0060207528.png,094a7a19137203aff43f3da92a3d94bebbb8d50829252f134433e51387c0c1c6,data/processed/normalized_ie_annotations/funsd/funsd_page_d249f7f61e1f47.json,381f64e5d6515ed2c634b1a4d6bbe094d9ff7fbe5b7f16875541f1b3c8683f91,1.0,FUNSD-EPFL-NC-RESEARCH-EDUCATION,762,1000,15.0,176,form,en,split_e032646623aa0403,splitgrp_e032646623aa04,false,false,false,false,true,true,0.1644291338582677,high,medium,medium,degraded,31.990519112929206,8.286235809326172,0,all_funsd_dev_select,false
ocrbench_2ea335ea921318fa,ocr-benchmark-8854b5f20deb6611,funsd_page_d362ea16bacb5b,funsd_doc_0c02dfd3f41db0,split_30ae80c7505f0e77,funsd,dataset,dev_select,data/raw/public/funsd/dataset/training_data/images/89867723.png,34f665ef4dfee224c4b9dc410978df08de2209d3ea75deb63a336361e7f3f59c,data/processed/normalized_ie_annotations/funsd/funsd_page_d362ea16bacb5b.json,9c326cf7b8f52fd47b2a13ccc0d800c5e8388d548adec4c7472d38d24836e20b,1.0,FUNSD-EPFL-NC-RESEARCH-EDUCATION,802,1000,14.0,205,form,en,split_30ae80c7505f0e77,splitgrp_30ae80c7505f0e,false,true,false,false,true,true,0.14295261845386534,high,medium,medium,degraded,28.874923049430212,8.64627456665039,0,all_funsd_dev_select,false
ocrbench_43928eeb5c3e711c,ocr-benchmark-8854b5f20deb6611,funsd_page_dcba31149b0958,funsd_doc_d993df682c1ca5,split_fb1c440279e7a533,funsd,dataset,dev_select,data/raw/public/funsd/dataset/testing_data/images/83823750.png,0bb16e06d71a63455f3f6f72eb1e607e630591cbafba77ce887cefafff7a9052,data/processed/normalized_ie_annotations/funsd/funsd_page_dcba31149b0958.json,2b826ecf831bf20e609b61f983af157ef97c5ae28840c6645bbc94529dcb61dc,1.0,FUNSD-EPFL-NC-RESEARCH-EDUCATION,754,1000,11.0,162,form,en,split_fb1c440279e7a533,splitgrp_fb1c440279e7a5,false,false,false,true,true,true,0.07190583554376657,medium,low,medium,clean,36.76666534967535,7.511204242706299,0,all_funsd_dev_select,false
ocrbench_c1487488015a49ff,ocr-benchmark-8854b5f20deb6611,funsd_page_e9117638d2a9c3,funsd_doc_ac867397e53a2c,split_e3299b8e550a0953,funsd,dataset,dev_select,data/raw/public/funsd/dataset/testing_data/images/86244113.png,3b4bc26bfa820f0ac95b0114522089d6e745e72f1d8d02a4b07ddeaee64db406,data/processed/normalized_ie_annotations/funsd/funsd_page_e9117638d2a9c3.json,0ce7107483a03605dd58cda7dde9863b29c60afa0d39a7d8ccc74c2c0e5b7aba,1.0,FUNSD-EPFL-NC-RESEARCH-EDUCATION,754,1000,13.0,80,form,en,split_e3299b8e550a0953,86244113,false,false,false,true,true,true,0.05975729442970822,medium,medium,medium,degraded,23.193801956844162,5.4738006591796875,0,all_funsd_dev_select,false
ocrbench_421d9c7db5362a12,ocr-benchmark-8854b5f20deb6611,funsd_page_ed90bae4453140,funsd_doc_22d233f5cdf51a,split_018e2558b3c80eb5,funsd,dataset,dev_select,data/raw/public/funsd/dataset/training_data/images/92327794.png,704432fd50c35795cca0d0aa4bb9963001f78aaf40b5a7cac3c332f570ebefff,data/processed/normalized_ie_annotations/funsd/funsd_page_ed90bae4453140.json,47f15e85b38b8c2ccba16a1bdf160b864a28fb3f44877c2cd38a8d19f552d77b,1.0,FUNSD-EPFL-NC-RESEARCH-EDUCATION,782,1000,13.0,77,form,en,split_018e2558b3c80eb5,splitgrp_018e2558b3c80e,false,false,false,false,true,true,0.0719002557544757,medium,medium,medium,degraded,25.687168650800647,4.4828386306762695,37,all_funsd_dev_select,false
ocrbench_77244c87fe3bef65,ocr-benchmark-8854b5f20deb6611,funsd_page_fc9ebd17d40d8d,funsd_doc_a0ddb17922c455,split_fbc51fe2ca04df70,funsd,dataset,dev_select,data/raw/public/funsd/dataset/training_data/images/0011845203.png,81ff84a7d4e874404c38101ff540038b150664fb5d8903a97bb74f33ca0aa355,data/processed/normalized_ie_annotations/funsd/funsd_page_fc9ebd17d40d8d.json,169ce1902a90535a6bc9d3a5a3b509c5f2de38be0a78fd2d30a05b9ca9f5a671,1.0,FUNSD-EPFL-NC-RESEARCH-EDUCATION,762,1000,14.0,165,form,en,split_fbc51fe2ca04df70,splitgrp_fbc51fe2ca04df,false,false,true,false,true,true,0.11243044619422572,medium,medium,medium,degraded,28.552462420332233,6.110956192016602,0,all_funsd_dev_select,false
ocrbench_68dbe9c0bbe39a46,ocr-benchmark-8854b5f20deb6611,sroie_page_00c688b42eb001,sroie_doc_04d63006dbfa04,split_dddb03038eb77aeb,sroie,SROIE2019,dev_select,data/raw/public/sroie/SROIE2019/train/img/X51006557185.jpg,07301173eed42affff645bff0c1cf603242246e77225b7494d380371cf2afe25,data/processed/normalized_ie_annotations/sroie/sroie_page_00c688b42eb001.json,1c45b83feb46281f5571d671af3b90133406611e8acd4f9d4248c9111047d694,1.0,MIT-ZZZDAVID-ICDAR2019-SROIE-REPOSITORY,616,1224,20.0,86,receipt,en,split_dddb03038eb77aeb,X51006557185,false,true,true,true,true,true,0.3833396995161701,high,medium,medium,degraded,29.42329826525096,11.395673751831055,0,all_sroie_dev_select,false
ocrbench_ae7c7e1cde168b01,ocr-benchmark-8854b5f20deb6611,sroie_page_03ef540dfbdaa9,sroie_doc_1c8bbaa229222d,split_6d34e647ae36aa43,sroie,SROIE2019,dev_select,data/raw/public/sroie/SROIE2019/train/img/X51006414718.jpg,43f9a87f125b57a0b6fd36854f61457b3bbd75548c4b7a394265b8a73e826b69,data/processed/normalized_ie_annotations/sroie/sroie_page_03ef540dfbdaa9.json,365f2f718a5621f70391df8700891129cf718b7fe415445688577638fe4c264a,1.0,MIT-ZZZDAVID-ICDAR2019-SROIE-REPOSITORY,4961,7016,89.0,44,receipt,en,split_6d34e647ae36aa43,X51006414718,false,true,true,true,true,true,0.057182540348354564,medium,high,high,degraded,15.781837232180143,1.981560230255127,0,all_sroie_dev_select,false
ocrbench_c996fff2fafa148a,ocr-benchmark-8854b5f20deb6611,sroie_page_077026902dd643,sroie_doc_1bc090cd5788f9,split_5060e87cd6267827,sroie,SROIE2019,dev_select,data/raw/public/sroie/SROIE2019/test/img/X51005719905.jpg,7c2c01f06179e035580dfb6110c5ea8d311c07be22d254d75894df82c2678b1e,data/processed/normalized_ie_annotations/sroie/sroie_page_077026902dd643.json,b2a240b24b74084c201134d7f9447065410fff1db7c32f35133e602457ece19e,1.0,MIT-ZZZDAVID-ICDAR2019-SROIE-REPOSITORY,936,2079,33.0,77,receipt,en,split_5060e87cd6267827,X51005719905,false,true,true,true,true,true,0.2072289850067628,high,high,medium,degraded,32.59914863753551,10.500417709350586,37,all_sroie_dev_select,false
ocrbench_165f02163bb3e4f2,ocr-benchmark-8854b5f20deb6611,sroie_page_08101b25ecab39,sroie_doc_8df825b7f4b900,split_15c755ec14929c9f,sroie,SROIE2019,dev_select,data/raw/public/sroie/SROIE2019/train/img/X51006414633.jpg,95613d997467df067cfd6a271492f7c416a8d5e8b93e154de719b5f1fc0fc9c6,data/processed/normalized_ie_annotations/sroie/sroie_page_08101b25ecab39.json,f1dbdddd264be52ff8edb6daa448f9c243f4245e7f07a2f0a30d0fdb7954da07,1.0,MIT-ZZZDAVID-ICDAR2019-SROIE-REPOSITORY,4961,7016,63.0,39,receipt,en,split_15c755ec14929c9f,X51006414633,false,true,true,true,true,true,0.031957478135615155,medium,high,high,degraded,11.404880069093124,1.4946234226226807,37,all_sroie_dev_select,false
ocrbench_a4eb41d0b35d9270,ocr-benchmark-8854b5f20deb6611,sroie_page_09435f61faf687,sroie_doc_caeabc6968c7ce,split_15baba128dab8437,sroie,SROIE2019,dev_select,data/raw/public/sroie/SROIE2019/test/img/X51005711449.jpg,7a119b2d0841327b256f5dd469a2a3f77f936ff6d6fbfd7ec612acfbbd8b9a2b,data/processed/normalized_ie_annotations/sroie/sroie_page_09435f61faf687.json,4b7a845c27a76671ef70b7abeb1abea95f41f50e67ca8f52fd7d38ba34d8436f,1.0,MIT-ZZZDAVID-ICDAR2019-SROIE-REPOSITORY,932,1704,42.0,44,receipt,en,split_15baba128dab8437,X51005711449,false,true,true,true,true,true,0.22209418888150073,high,high,medium,degraded,26.249536502271702,7.2586870193481445,0,all_sroie_dev_select,false
ocrbench_0c6a05d8fcf5764c,ocr-benchmark-8854b5f20deb6611,sroie_page_0e318315e84063,sroie_doc_2f2bde7fd28980,split_f1c02ce10795cc4f,sroie,SROIE2019,dev_select,data/raw/public/sroie/SROIE2019/test/img/X51006557169.jpg,24a2b090ec902c15c1ada6b430504674de004dc71b836b28bde9d8a8d6c3655f,data/processed/normalized_ie_annotations/sroie/sroie_page_0e318315e84063.json,2e3d96e0f3592a8bf25f8eb7d660c7adcdb98b572a2907f065d91f41d6924a0c,1.0,MIT-ZZZDAVID-ICDAR2019-SROIE-REPOSITORY,616,1184,22.0,72,receipt,en,split_f1c02ce10795cc4f,X51006557169,false,true,true,true,true,true,0.3891455883643384,high,medium,medium,degraded,33.63352965506665,13.263629913330078,0,all_sroie_dev_select,false
ocrbench_eaf5441757591dcb,ocr-benchmark-8854b5f20deb6611,sroie_page_11ffe54cb42576,sroie_doc_56ad462c5aa1e0,split_48ddb526e0b472ec,sroie,SROIE2019,dev_select,data/raw/public/sroie/SROIE2019/train/img/X51005711442.jpg,041013da5dc4f0e4ac39daed5a845911fc9ce4d03bda5506a0e3f491f114174a,data/processed/normalized_ie_annotations/sroie/sroie_page_11ffe54cb42576.json,a6060affe8daa4c5108de38c0509590922909c8fe8406c24e1f5af37c84ce5be,1.0,MIT-ZZZDAVID-ICDAR2019-SROIE-REPOSITORY,932,1869,40.0,54,receipt,en,split_48ddb526e0b472ec,X51005711442,false,true,true,true,true,true,0.20821421108347857,high,high,medium,degraded,25.642892428022098,7.310087203979492,0,all_sroie_dev_select,false
ocrbench_8251348d34a57a68,ocr-benchmark-8854b5f20deb6611,sroie_page_14181e5a9f13ae,sroie_doc_c0c13f997a3907,split_839940a77dc882e3,sroie,SROIE2019,dev_select,data/raw/public/sroie/SROIE2019/train/img/X51006555784.jpg,230b359446e12fc1fe307b90f1fe27590d0fa8ab8ea28c212a3a5f1c46a423be,data/processed/normalized_ie_annotations/sroie/sroie_page_14181e5a9f13ae.json,fa93b20860f00c50b1928d583a8cd7481695ea574bcbe61b669e161379e5f95c,1.0,MIT-ZZZDAVID-ICDAR2019-SROIE-REPOSITORY,616,1166,21.5,72,receipt,en,split_839940a77dc882e3,X51006555784,false,true,true,true,true,true,0.3885550555790693,high,medium,medium,degraded,34.748314347536024,13.213788986206055,0,all_sroie_dev_select,false
ocrbench_b97f96d7a7fd30c8,ocr-benchmark-8854b5f20deb6611,sroie_page_1607f3297a0ab0,sroie_doc_350de6bff55d9e,split_ace4ae442718cba2,sroie,SROIE2019,dev_select,data/raw/public/sroie/SROIE2019/train/img/X51005676543.jpg,4b3b37487160133d34172ae28e77c7967d9fc9bdf001c9b3565c66438c4d317b,data/processed/normalized_ie_annotations/sroie/sroie_page_1607f3297a0ab0.json,9c21a96ca7e2586af10dc6c6572b001de0edbc984e2393c81776874486bf902b,1.0,MIT-ZZZDAVID-ICDAR2019-SROIE-REPOSITORY,935,1970,41.0,64,receipt,en,split_ace4ae442718cba2,splitgrp_ace4ae442718cb,false,true,true,true,true,true,0.272357555851136,high,high,medium,degraded,31.114496414555916,10.137374877929688,37,all_sroie_dev_select,false
ocrbench_2eb21d5fb8aef819,ocr-benchmark-8854b5f20deb6611,sroie_page_1648b7293dde38,sroie_doc_5c3e17441a7a56,split_0677c31f9ab4ed50,sroie,SROIE2019,dev_select,data/raw/public/sroie/SROIE2019/train/img/X51005663293.jpg,f501529a447f003e2f542b827933c2e72b7e6edca53be15c02d01161a1429221,data/processed/normalized_ie_annotations/sroie/sroie_page_1648b7293dde38.json,8c5cd81a1ad9df60cd7815ac9fd5a58386c53f356aff07ff7fedcf9c6af5b1f7,1.0,MIT-ZZZDAVID-ICDAR2019-SROIE-REPOSITORY,713,2066,30.0,61,receipt,en,split_0677c31f9ab4ed50,splitgrp_0677c31f9ab4ed,false,true,true,true,true,true,0.1927310397825476,high,high,medium,degraded,20.58284913944143,7.333132743835449,0,all_sroie_dev_select,false
ocrbench_f5821c17767bf2a9,ocr-benchmark-8854b5f20deb6611,sroie_page_1776fc950ce448,sroie_doc_830292572dc9d8,split_133fefc6b87c5f6b,sroie,SROIE2019,dev_select,data/raw/public/sroie/SROIE2019/test/img/X51006913060.jpg,e7bc35737b37eedfc2a92480b527528eb14f3ca55e9a2ba68b6237deb06bf681,data/processed/normalized_ie_annotations/sroie/sroie_page_1776fc950ce448.json,61cb7360e765a3540326601b466852c90af26b23d85ba305f38b5662984c0621,1.0,MIT-ZZZDAVID-ICDAR2019-SROIE-REPOSITORY,4961,7016,68.0,39,receipt,en,split_133fefc6b87c5f6b,X51006913060,false,true,true,true,true,true,0.03457398150269939,medium,high,high,degraded,10.89470971706744,1.4393895864486694,0,all_sroie_dev_select,false
ocrbench_8318dd6a1f5b9fb3,ocr-benchmark-8854b5f20deb6611,sroie_page_18a5341cb9d035,sroie_doc_9b1ce062a4792b,split_b614d56733b484ea,sroie,SROIE2019,dev_select,data/raw/public/sroie/SROIE2019/test/img/X51005447841.jpg,6781925a504c8690c12267adf2ccba49c53bf5395aa6fef5546a578962e367af,data/processed/normalized_ie_annotations/sroie/sroie_page_18a5341cb9d035.json,9bcef9898141702fc59b3704f170c3e876232dc9b3a1ed46542e2dd97c8838e3,1.0,MIT-ZZZDAVID-ICDAR2019-SROIE-REPOSITORY,932,2160,38.0,64,receipt,en,split_b614d56733b484ea,X51005447841,false,true,true,true,true,true,0.27888302734064535,high,high,high,degraded,32.95511321750513,11.088966369628906,0,all_sroie_dev_select,false
ocrbench_05fde24b1bc2ff8a,ocr-benchmark-8854b5f20deb6611,sroie_page_1f2e2ecacd5782,sroie_doc_33a19f68852a02,split_414512764959f155,sroie,SROIE2019,dev_select,data/raw/public/sroie/SROIE2019/test/img/X51005711443.jpg,e7605a37b2bc35c752743de8267a3acfacaaa13fd9aa6c3e6d4dd51754ca2842,data/processed/normalized_ie_annotations/sroie/sroie_page_1f2e2ecacd5782.json,17fc7ae5799c8138f70526c0b9c0d1bdaf506eee36c50492d24664fee3d3c97c,1.0,MIT-ZZZDAVID-ICDAR2019-SROIE-REPOSITORY,932,1866,42.0,54,receipt,en,split_414512764959f155,X51005711443,false,true,true,true,true,true,0.22667257772932392,high,high,medium,degraded,28.154448616711854,8.287922859191895,0,all_sroie_dev_select,false
ocrbench_44a4fcd53f113027,ocr-benchmark-8854b5f20deb6611,sroie_page_1f708b87514ab6,sroie_doc_952c1667db497a,split_16274256f42e5529,sroie,SROIE2019,dev_select,data/raw/public/sroie/SROIE2019/train/img/X51008128052.jpg,b8e28d24cd46de7981e6f4f8ec9e10bd96b091d69104714e0e82b37cfbc7a8d0,data/processed/normalized_ie_annotations/sroie/sroie_page_1f708b87514ab6.json,10f98c27d7a2bcf73313123645eae0f93e7af5796dd587492f60e988df6fe3cf,1.0,MIT-ZZZDAVID-ICDAR2019-SROIE-REPOSITORY,932,1786,35.5,38,receipt,en,split_16274256f42e5529,X51008128052,false,true,true,false,true,true,0.17979912913504656,high,high,medium,degraded,26.80343966571988,7.421267509460449,0,all_sroie_dev_select,false
ocrbench_f9651dd96165cf5f,ocr-benchmark-8854b5f20deb6611,sroie_page_20fd565275ced6,sroie_doc_d27338ef0b52a1,split_4b0812f640346607,sroie,SROIE2019,dev_select,data/raw/public/sroie/SROIE2019/train/img/X51007339643.jpg,f69e00c792d8596b69043ea3e3b3b4dc446fc2f9415d5885e347efc62830d02e,data/processed/normalized_ie_annotations/sroie/sroie_page_20fd565275ced6.json,f5fbe1ff34d68a09bdd0fd54f43efb1b76543ccf83b5c34d44db14b840f560c7,1.0,MIT-ZZZDAVID-ICDAR2019-SROIE-REPOSITORY,591,1659,26.0,58,receipt,en,split_4b0812f640346607,X51007339643,false,true,true,true,true,true,0.27877576955518224,high,high,medium,degraded,13.196693790829581,5.6109490394592285,0,all_sroie_dev_select,false
ocrbench_2b1a1460da671e53,ocr-benchmark-8854b5f20deb6611,sroie_page_22e1f7cda83d09,sroie_doc_293dcb88f3bf14,split_c1dd9398dc5865f2,sroie,SROIE2019,dev_select,data/raw/public/sroie/SROIE2019/test/img/X51005724622.jpg,ba4b8e50d15ef3287094775dca67d5c44d0c558e89eed746702a91a80097651b,data/processed/normalized_ie_annotations/sroie/sroie_page_22e1f7cda83d09.json,93b079bf9a3c7697c382fc7b561f77d7a9c96f88b3c1c22f5bf725c7efa66789,1.0,MIT-ZZZDAVID-ICDAR2019-SROIE-REPOSITORY,932,2216,32.0,75,receipt,en,split_c1dd9398dc5865f2,X51005724622,false,true,true,true,true,true,0.20537332858183172,high,high,high,degraded,29.54790806126325,10.157257080078125,37,all_sroie_dev_select,false
ocrbench_1e16eb1ed0d662e3,ocr-benchmark-8854b5f20deb6611,sroie_page_2417a5d25f5bd2,sroie_doc_dc86618f5949c7,split_30c4ead293891f68,sroie,SROIE2019,dev_select,data/raw/public/sroie/SROIE2019/train/img/X51006334926.jpg,278e0c21e64ccf25f099830dc7829c1157b4bc4c65e575c38895f925bf5bf5c8,data/processed/normalized_ie_annotations/sroie/sroie_page_2417a5d25f5bd2.json,b3fd8a6ee9bf6abc69d7d7b87088648b4225eee8701283b09a65d7bfa18f5e02,1.0,MIT-ZZZDAVID-ICDAR2019-SROIE-REPOSITORY,729,1936,32.0,40,receipt,en,split_30c4ead293891f68,X51006334926,false,true,true,true,true,true,0.2564094933623553,high,high,medium,clean,37.71638961320224,11.804649353027344,0,all_sroie_dev_select,false
ocrbench_96728d02e5cec78a,ocr-benchmark-8854b5f20deb6611,sroie_page_25e9b95e06e36a,sroie_doc_ef43f3f4cdb3e7,split_83f27c1a4543eaed,sroie,SROIE2019,dev_select,data/raw/public/sroie/SROIE2019/test/img/X51006857540.jpg,7557f02eac30e0e115a65109cdc7f56c7b8c3dd91e745d5bb7d8f3804da1fe2f,data/processed/normalized_ie_annotations/sroie/sroie_page_25e9b95e06e36a.json,440501c332bd0b92e3b209474b0103e5dbf883d59b3c6771625d4f446b5c6155,1.0,MIT-ZZZDAVID-ICDAR2019-SROIE-REPOSITORY,932,2167,35.0,70,receipt,en,split_83f27c1a4543eaed,X51006857540,false,true,true,true,true,true,0.28919552158697276,high,high,high,clean,44.76287960040745,8.046396255493164,0,all_sroie_dev_select,false
ocrbench_a1697a012087bc53,ocr-benchmark-8854b5f20deb6611,sroie_page_26194f7801591b,sroie_doc_d9372bc0a7354d,split_2876ce39161d19fa,sroie,SROIE2019,dev_select,data/raw/public/sroie/SROIE2019/train/img/X51007339113.jpg,5615b55a56e6711982acf684fa9297ddaa5b0ecc5e95ac06215024be4971155e,data/processed/normalized_ie_annotations/sroie/sroie_page_26194f7801591b.json,242f8db0bd4c247cc09b998a829d2491fdf4973f58bbfde8e3ebd356dd15cd6c,1.0,MIT-ZZZDAVID-ICDAR2019-SROIE-REPOSITORY,623,1475,22.0,46,receipt,en,split_2876ce39161d19fa,X51007339113,false,true,true,true,true,true,0.24071823054112143,high,medium,medium,degraded,31.149577695088343,11.918773651123047,0,all_sroie_dev_select,false
ocrbench_d907856c7b4e2a51,ocr-benchmark-8854b5f20deb6611,sroie_page_28082e7e5e42ee,sroie_doc_d41d876789a39a,split_f5b5b453c7cc122b,sroie,SROIE2019,dev_select,data/raw/public/sroie/SROIE2019/test/img/X51007846304.jpg,f88dea7f232c88ceb332385f42c2922a97936ea933e17f3419766c2c7736be04,data/processed/normalized_ie_annotations/sroie/sroie_page_28082e7e5e42ee.json,708da8f453c7c9a4f8ae4f7c69625c27f35b204a19889255710ca8f7de04a240,1.0,MIT-ZZZDAVID-ICDAR2019-SROIE-REPOSITORY,4961,7016,60.0,51,receipt,en,split_f5b5b453c7cc122b,X51007846304,false,true,true,true,true,true,0.034900990554144445,medium,high,high,degraded,12.348718247204836,1.777205467224121,0,all_sroie_dev_select,false
ocrbench_7a26ee27cd2bb778,ocr-benchmark-8854b5f20deb6611,sroie_page_2920a7e02eb674,sroie_doc_e22474818cdfaa,split_b4cd0db94f075569,sroie,SROIE2019,dev_select,data/raw/public/sroie/SROIE2019/test/img/X51009447842.jpg,5599437a296b736c203c9b44f0739ffd5fffdf1fdedccd0f2fbd54ac9c134b4f,data/processed/normalized_ie_annotations/sroie/sroie_page_2920a7e02eb674.json,f5fe2d8481d27b8ec007d648fc893d35036771d2695f03ec664671ab8fbdf79d,1.0,MIT-ZZZDAVID-ICDAR2019-SROIE-REPOSITORY,928,1769,38.5,42,receipt,en,split_b4cd0db94f075569,X51009447842,false,true,true,true,true,true,0.2676513372059024,high,high,medium,degraded,34.26283251554935,11.430286407470703,0,all_sroie_dev_select,false
ocrbench_c8c9d7cde80263fc,ocr-benchmark-8854b5f20deb6611,sroie_page_2ad7ddce7da96c,sroie_doc_8db016e2df2781,split_e192b3f253952a71,sroie,SROIE2019,dev_select,data/raw/public/sroie/SROIE2019/test/img/X51006387660.jpg,cdbbd202a33f3a4df57ea6857b45e4b3c73b9dcbd3d511d91165ff4e692f2549,data/processed/normalized_ie_annotations/sroie/sroie_page_2ad7ddce7da96c.json,5a18e3b659a4a1c7a9020f0efcbdbf42cbfc7d049329d5786efbf2233649217d,1.0,MIT-ZZZDAVID-ICDAR2019-SROIE-REPOSITORY,702,1728,31.0,46,receipt,en,split_e192b3f253952a71,X51006387660,false,true,true,true,true,true,0.22260720032710773,high,high,medium,degraded,28.99752588465307,8.735467910766602,0,all_sroie_dev_select,false
ocrbench_6514881b54904e6a,ocr-benchmark-8854b5f20deb6611,sroie_page_2e01f8a1c46193,sroie_doc_fffcef99c7d613,split_76f4046ea5c6540d,sroie,SROIE2019,dev_select,data/raw/public/sroie/SROIE2019/train/img/X51005361898.jpg,69cc44f0278b6917ffe1c3ca23e3595e74d33d179e8ec3485d91eb4c52077790,data/processed/normalized_ie_annotations/sroie/sroie_page_2e01f8a1c46193.json,624bb4786fe53f18acd1d2527c890ab9be48a22c35231433c5a47e0e74da7f28,1.0,MIT-ZZZDAVID-ICDAR2019-SROIE-REPOSITORY,2481,3508,37.0,66,receipt,en,split_76f4046ea5c6540d,X51005361898,false,true,true,true,true,true,0.062304529245527124,medium,high,high,degraded,20.85821557932577,3.528656482696533,0,all_sroie_dev_select,false
ocrbench_7bfd00efb2284838,ocr-benchmark-8854b5f20deb6611,sroie_page_30908496fa585f,sroie_doc_1880a5b220a84d,split_282915cdc058a28d,sroie,SROIE2019,dev_select,data/raw/public/sroie/SROIE2019/train/img/X51006387813.jpg,7ab9e147e59ba3db60a499750c57ded221131f9dd20378675740f750edd5d250,data/processed/normalized_ie_annotations/sroie/sroie_page_30908496fa585f.json,5112dd351b6277d277d3b1ba909cf3ce410795f45f9ba0f8354b042001684060,1.0,MIT-ZZZDAVID-ICDAR2019-SROIE-REPOSITORY,740,2465,30.0,73,receipt,en,split_282915cdc058a28d,X51006387813,false,true,true,true,true,true,0.20605010690203387,high,high,medium,degraded,33.221312015714936,11.060245513916016,0,all_sroie_dev_select,false
ocrbench_08c9e3d2344d32fe,ocr-benchmark-8854b5f20deb6611,sroie_page_324a90ffc46964,sroie_doc_cffa7fe1b4bf62,split_75c8a4ddf076c63c,sroie,SROIE2019,dev_select,data/raw/public/sroie/SROIE2019/train/img/X51007339118.jpg,de48460ec367daa2334308d977ffab0759cd0ee55d882d67bac150d65e36a3c7,data/processed/normalized_ie_annotations/sroie/sroie_page_324a90ffc46964.json,1730e7c21829b3ee9c2d25dd3d34694da6949dddd2f8c3069d840dc605059224,1.0,MIT-ZZZDAVID-ICDAR2019-SROIE-REPOSITORY,623,1399,23.0,45,receipt,en,split_75c8a4ddf076c63c,X51007339118,false,true,true,true,true,true,0.2506078063097122,high,medium,medium,degraded,32.190761262283544,12.607707977294922,0,all_sroie_dev_select,false
ocrbench_7437b41f0319ebf7,ocr-benchmark-8854b5f20deb6611,sroie_page_33098cfde502e3,sroie_doc_48b6c9edbfbe68,split_0aa63e4ffeed1d03,sroie,SROIE2019,dev_select,data/raw/public/sroie/SROIE2019/test/img/X51007103649.jpg,0c6943c6b0ac7d8d7936b606b2c29d6e4c3f6b7d0b93ec8b30209fbcab52650e,data/processed/normalized_ie_annotations/sroie/sroie_page_33098cfde502e3.json,6eabb27a083079f79e95e3692ad1e95b61c8e26d78b53eab97d0b2382059f6f6,1.0,MIT-ZZZDAVID-ICDAR2019-SROIE-REPOSITORY,792,1329,34.0,39,receipt,en,split_0aa63e4ffeed1d03,X51007103649,false,true,true,true,true,true,0.3546782725676631,high,high,medium,clean,37.84203687728909,11.917057037353516,0,all_sroie_dev_select,false
ocrbench_a539603ad46f5c48,ocr-benchmark-8854b5f20deb6611,sroie_page_3591c990d6d9c6,sroie_doc_50760e75f9a969,split_47fb008adcb74ab7,sroie,SROIE2019,dev_select,data/raw/public/sroie/SROIE2019/test/img/X51005757292.jpg,020bdacaa439cd419d222736a32470c63c88f035590c06570d7d4b871455a726,data/processed/normalized_ie_annotations/sroie/sroie_page_3591c990d6d9c6.json,7e0119506610db7d675041c21c1a4ee7874f51521f6fdb746842767910048a94,1.0,MIT-ZZZDAVID-ICDAR2019-SROIE-REPOSITORY,709,1233,30.0,30,receipt,en,split_47fb008adcb74ab7,X51005757292,false,true,true,true,true,true,0.27929517031058215,high,high,medium,degraded,28.577670871056018,12.550466537475586,0,all_sroie_dev_select,false
ocrbench_3fed7924f664ff7f,ocr-benchmark-8854b5f20deb6611,sroie_page_36de8d64ae80d2,sroie_doc_dc446474327454,split_297ecef6515fc2e4,sroie,SROIE2019,dev_select,data/raw/public/sroie/SROIE2019/train/img/X51007339117.jpg,4603ab0058862e180a1f96487817e0e36225459097eccc917e5c3211a9b717c0,data/processed/normalized_ie_annotations/sroie/sroie_page_36de8d64ae80d2.json,4e192edb46b6a16a39eeb0e31c40cda096ba29664ea21337f12d9680bf593005,1.0,MIT-ZZZDAVID-ICDAR2019-SROIE-REPOSITORY,623,1591,23.0,53,receipt,en,split_297ecef6515fc2e4,X51007339117,false,true,true,true,true,true,0.25907063508317757,high,medium,medium,degraded,28.992425708798894,11.443268775939941,0,all_sroie_dev_select,false
ocrbench_81d5a4b7c779a8a9,ocr-benchmark-8854b5f20deb6611,sroie_page_381d4309f908e8,sroie_doc_2a02166a77ecb2,split_7b4cdc2a78656755,sroie,SROIE2019,dev_select,data/raw/public/sroie/SROIE2019/train/img/X51007262315.jpg,42f8611cde7a14a273a6b10a67794e295e128f62d15dd39a72dc1f5e88c5aab8,data/processed/normalized_ie_annotations/sroie/sroie_page_381d4309f908e8.json,625f6fec0b2f6569d492c2d6abdfbab189748eb65ae27a18775b2b1f3efb7e9b,1.0,MIT-ZZZDAVID-ICDAR2019-SROIE-REPOSITORY,616,1614,28.0,47,receipt,en,split_7b4cdc2a78656755,X51007262315,false,true,true,true,true,true,0.28583498286100517,high,high,medium,clean,35.5538800527655,9.81246566772461,0,all_sroie_dev_select,false
ocrbench_6a1db8aec239dd66,ocr-benchmark-8854b5f20deb6611,sroie_page_38ff2a5d904874,sroie_doc_436389896e6265,split_5e01fefd81e06f51,sroie,SROIE2019,dev_select,data/raw/public/sroie/SROIE2019/train/img/X51007103641.jpg,e8a1f9790fe5db8b9512a308999c918381ab80728d21a56ef674bfa4c1adbb09,data/processed/normalized_ie_annotations/sroie/sroie_page_38ff2a5d904874.json,114e625be2c62df41341a4bcb77c2a3d9f814b58e600e01f5776ee96e9ddbea1,1.0,MIT-ZZZDAVID-ICDAR2019-SROIE-REPOSITORY,787,1490,33.0,57,receipt,en,split_5e01fefd81e06f51,X51007103641,false,true,true,true,true,true,0.3544818058552143,high,high,medium,degraded,30.81776601842063,12.745034217834473,0,all_sroie_dev_select,false
ocrbench_7611dc8ad9ec0786,ocr-benchmark-8854b5f20deb6611,sroie_page_3c1ea463b5296e,sroie_doc_8111d4a3ee2876,split_504bdcd17fbd7251,sroie,SROIE2019,dev_select,data/raw/public/sroie/SROIE2019/train/img/X51005711403.jpg,0b717476873c591bd9a1e77fd7d6aa5d5174443c777f4bfff9fd43226d1206e4,data/processed/normalized_ie_annotations/sroie/sroie_page_3c1ea463b5296e.json,c9090d512a914f097ac7c7b68609dced42f46f44c90dd36361e6ab06d8f33c97,1.0,MIT-ZZZDAVID-ICDAR2019-SROIE-REPOSITORY,932,1865,42.0,53,receipt,en,split_504bdcd17fbd7251,X51005711403,false,true,true,true,true,true,0.22286759714183801,high,high,medium,degraded,26.181373498571965,7.51516056060791,0,all_sroie_dev_select,false
ocrbench_8cacce3ad067b8af,ocr-benchmark-8854b5f20deb6611,sroie_page_3c33f1daeea2cb,sroie_doc_07ee8f20f31a07,split_7ab58a7a204f555c,sroie,SROIE2019,dev_select,data/raw/public/sroie/SROIE2019/train/img/X51008099046.jpg,44976083ea6a9bf6085b3927c2c937572b872ec6eaaa555016a892b5af0c9366,data/processed/normalized_ie_annotations/sroie/sroie_page_3c33f1daeea2cb.json,f75a14945630b3d833d922ab55b3c6484a5141d008de0099d63a8da9ba27676e,1.0,MIT-ZZZDAVID-ICDAR2019-SROIE-REPOSITORY,932,1742,37.0,47,receipt,en,split_7ab58a7a204f555c,X51008099046,false,true,true,true,true,true,0.19290453477084699,high,high,medium,degraded,32.731922726107236,6.172826766967773,0,all_sroie_dev_select,false
ocrbench_07c3e736b2b8fcf4,ocr-benchmark-8854b5f20deb6611,sroie_page_3e2d1a31cf5cd7,sroie_doc_a9e03c210e9b63,split_2750bb23527ab029,sroie,SROIE2019,dev_select,data/raw/public/sroie/SROIE2019/train/img/X51006401978.jpg,7803bc50b134e5b2fa90e71a6398c866a56f82f8dfe6cadfea9fdde665a42304,data/processed/normalized_ie_annotations/sroie/sroie_page_3e2d1a31cf5cd7.json,ca8b9ec03109dc48580cdd3df3ccd5048f4b5350f35953e04f56616f79303f10,1.0,MIT-ZZZDAVID-ICDAR2019-SROIE-REPOSITORY,743,1454,30.5,32,receipt,en,split_2750bb23527ab029,X51006401978,false,true,true,true,true,true,0.22418686280571903,high,high,medium,clean,37.223835781517096,10.693613052368164,0,all_sroie_dev_select,false
ocrbench_6e1e376f3535ad24,ocr-benchmark-8854b5f20deb6611,sroie_page_3f4f79088ed4fd,sroie_doc_b6861b9bc8aa53,split_ea20356ae4779bee,sroie,SROIE2019,dev_select,data/raw/public/sroie/SROIE2019/train/img/X51005301667.jpg,192d3f280e4995faec969496a79defb556de9d399023e0f096972f929136467e,data/processed/normalized_ie_annotations/sroie/sroie_page_3f4f79088ed4fd.json,a0d1ff207c76113791974da4f9269f695e5f3c0ab4c3bee1baf9503680a9f295,1.0,MIT-ZZZDAVID-ICDAR2019-SROIE-REPOSITORY,835,2333,32.0,76,receipt,en,split_ea20356ae4779bee,X51005301667,false,true,true,true,true,true,0.2969546547710409,high,high,medium,degraded,21.117040596106527,7.067526817321777,0,all_sroie_dev_select,false
ocrbench_ad393df75d6e73f4,ocr-benchmark-8854b5f20deb6611,sroie_page_40edd8d1155017,sroie_doc_0b99855ee93588,split_92e279c07b6c1a4a,sroie,SROIE2019,dev_select,data/raw/public/sroie/SROIE2019/test/img/X51006556829.jpg,cc929c955a54e9fc18952b59be98483879cc254eeaf4c9049c127b7094d85bff,data/processed/normalized_ie_annotations/sroie/sroie_page_40edd8d1155017.json,59aa89bb4dcf9c2f6669efd19894357cbde4c9ab0ea1c5bf2ec89c2e980b2523,1.0,MIT-ZZZDAVID-ICDAR2019-SROIE-REPOSITORY,616,1192,21.5,72,receipt,en,split_92e279c07b6c1a4a,X51006556829,false,true,true,true,true,true,0.3788854811296086,high,medium,medium,degraded,30.459232937013688,11.941082000732422,37,all_sroie_dev_select,false
ocrbench_6de335ca5b252fe3,ocr-benchmark-8854b5f20deb6611,sroie_page_46177eef6dc4ba,sroie_doc_bf3ecc736320c9,split_868cc19ac8aea9d1,sroie,SROIE2019,dev_select,data/raw/public/sroie/SROIE2019/train/img/X51005719896.jpg,25b987cd8c5536c2e3154fbdc0e66917c26437b1f01a992462d6f452f70099ce,data/processed/normalized_ie_annotations/sroie/sroie_page_46177eef6dc4ba.json,c49aeadb25dd71bd295c579db382b29ebe740946f8958f4a386589ce46533b12,1.0,MIT-ZZZDAVID-ICDAR2019-SROIE-REPOSITORY,812,2864,47.0,48,receipt,en,split_868cc19ac8aea9d1,X51005719896,false,true,true,false,true,true,0.2410572384896937,high,high,high,degraded,14.07420663140357,5.335948944091797,0,all_sroie_dev_select,false
ocrbench_c9172fa1ae4de652,ocr-benchmark-8854b5f20deb6611,sroie_page_4967200f65be07,sroie_doc_fadcfdb6801b84,split_e3704eb2f15e04b0,sroie,SROIE2019,dev_select,data/raw/public/sroie/SROIE2019/test/img/X51006556808.jpg,84aa30afa5a2cbc5129ac8cf96a1bed708417dd75c10a9346b92c1816a95ff6c,data/processed/normalized_ie_annotations/sroie/sroie_page_4967200f65be07.json,cc309425303338e22d1ba2d4b7b81d92fe745674c300947a46abae5f91a5fd4f,1.0,MIT-ZZZDAVID-ICDAR2019-SROIE-REPOSITORY,621,1338,20.0,94,receipt,en,split_e3704eb2f15e04b0,X51006556808,false,true,true,true,true,true,0.35477038096132135,high,medium,medium,clean,58.222492404218876,11.240069389343262,0,all_sroie_dev_select,false
ocrbench_7863229bf789ad7d,ocr-benchmark-8854b5f20deb6611,sroie_page_4b66fa8b8b3cbd,sroie_doc_e21bcade38ff41,split_d11c16fb5899ee7c,sroie,SROIE2019,dev_select,data/raw/public/sroie/SROIE2019/test/img/X51006828199.jpg,9888b706b830e13e0cd63d72b4c5763bfadf240659ce67cc55fdbaad7c1e290b,data/processed/normalized_ie_annotations/sroie/sroie_page_4b66fa8b8b3cbd.json,f095945a6f3a7cf829e5be160216d969b59cdeae8b20e04d3d1b8504095c5329,1.0,MIT-ZZZDAVID-ICDAR2019-SROIE-REPOSITORY,936,1934,38.0,49,receipt,en,split_d11c16fb5899ee7c,X51006828199,false,true,true,true,true,true,0.2374231034391324,high,high,medium,degraded,14.921680374921609,4.353823661804199,0,all_sroie_dev_select,false
ocrbench_79897c9ab7728293,ocr-benchmark-8854b5f20deb6611,sroie_page_4ca7913ae6104f,sroie_doc_32ea177b7f69ec,split_2482143118d80b6b,sroie,SROIE2019,dev_select,data/raw/public/sroie/SROIE2019/train/img/X51005453801.jpg,1613ee46467b109043805e79d821d9a7ecdbc6a3d53ffa954d308018ed43faec,data/processed/normalized_ie_annotations/sroie/sroie_page_4ca7913ae6104f.json,0a0d27ccf93298964574cb2699f402e3dc0dc779971beec88162bf52002a3f74,1.0,MIT-ZZZDAVID-ICDAR2019-SROIE-REPOSITORY,583,1303,22.0,45,receipt,en,split_2482143118d80b6b,X51005453801,false,true,true,true,true,true,0.1686331450446193,high,medium,medium,degraded,10.182954069961362,2.543062686920166,0,all_sroie_dev_select,false
ocrbench_26d9a649d61fd293,ocr-benchmark-8854b5f20deb6611,sroie_page_4f02eed04767f1,sroie_doc_8736557b5e79f1,split_a6c4cbdfd15b2b09,sroie,SROIE2019,dev_select,data/raw/public/sroie/SROIE2019/train/img/X51005303661.jpg,cf81742e708b6dda55b00856ec17ad2130e04f5caea3779a9d3e75a4f3bf5e1e,data/processed/normalized_ie_annotations/sroie/sroie_page_4f02eed04767f1.json,06824e8156bf8d3047820ceefaa57202826aacd3db39fab7ec93355b8a864b05,1.0,MIT-ZZZDAVID-ICDAR2019-SROIE-REPOSITORY,818,1924,31.0,75,receipt,en,split_a6c4cbdfd15b2b09,X51005303661,false,true,true,true,true,true,0.338415409014431,high,high,medium,degraded,22.954939705152853,8.376425743103027,0,all_sroie_dev_select,false
ocrbench_0134fbe1040841c0,ocr-benchmark-8854b5f20deb6611,sroie_page_54b84514a567b1,sroie_doc_221200bdf9f806,split_5feb4d5a0787bc6e,sroie,SROIE2019,dev_select,data/raw/public/sroie/SROIE2019/train/img/X51006414700.jpg,74e81c7680861c3fea859fd544718af75498ff60335d80c58aad038cdeae1bfd,data/processed/normalized_ie_annotations/sroie/sroie_page_54b84514a567b1.json,1b4267c3ccbbb6fe2e1be3d3bb83fd74591783f53f2fd9e7c2a1de0beb175447,1.0,MIT-ZZZDAVID-ICDAR2019-SROIE-REPOSITORY,4961,7016,85.0,45,receipt,en,split_5feb4d5a0787bc6e,X51006414700,false,true,true,true,true,true,0.05645873618098018,medium,high,high,degraded,17.499406781986067,2.26303768157959,0,all_sroie_dev_select,false
ocrbench_2e8647a68baf6dc9,ocr-benchmark-8854b5f20deb6611,sroie_page_5722278a655412,sroie_doc_db231123bfe7ef,split_dffaeeda663b4872,sroie,SROIE2019,dev_select,data/raw/public/sroie/SROIE2019/train/img/X51006557213.jpg,d34893764a39eade012d43bd24ee7f335fd80bbb71eb751ae1664ea90a1ef979,data/processed/normalized_ie_annotations/sroie/sroie_page_5722278a655412.json,9f57c564a31c71d8776c4bbee4ccba1c4cf6e80970df6b7f969ffdcd8fdf7dbf,1.0,MIT-ZZZDAVID-ICDAR2019-SROIE-REPOSITORY,620,1184,22.0,72,receipt,en,split_dffaeeda663b4872,X51006557213,false,true,true,true,true,true,0.3778362031386225,high,medium,medium,degraded,32.36657810237877,12.958030700683594,0,all_sroie_dev_select,false
ocrbench_0bf1799e186390ea,ocr-benchmark-8854b5f20deb6611,sroie_page_58629c40af7c53,sroie_doc_8648d808f42559,split_ba3983580505baa9,sroie,SROIE2019,dev_select,data/raw/public/sroie/SROIE2019/train/img/X51006328919.jpg,31f17bb53f9fb627b15f28d0b9ae206e43827c61fdfb4ffdcd60f92c2ab97f85,data/processed/normalized_ie_annotations/sroie/sroie_page_58629c40af7c53.json,42429126b5eb3720d4101316f4d942b183d6ee893d2914af2fcfead7e0218594,1.0,MIT-ZZZDAVID-ICDAR2019-SROIE-REPOSITORY,744,1458,33.0,31,receipt,en,split_ba3983580505baa9,X51006328919,false,true,true,true,true,true,0.19306624924406685,high,high,medium,clean,40.11923723625694,9.324644088745117,37,all_sroie_dev_select,false
ocrbench_117f56db8572adcb,ocr-benchmark-8854b5f20deb6611,sroie_page_596c1cb5cf01f1,sroie_doc_f199694e50d460,split_e99dd551d79f94af,sroie,SROIE2019,dev_select,data/raw/public/sroie/SROIE2019/test/img/X51005268275.jpg,177122548f177241b25024338de0f877b164614f4d5b26fecf649a488e95f9fc,data/processed/normalized_ie_annotations/sroie/sroie_page_596c1cb5cf01f1.json,2cccce632e3c74223c70492897c00cc390031b976604fec8b3b046042f972080,1.0,MIT-ZZZDAVID-ICDAR2019-SROIE-REPOSITORY,835,2333,30.0,89,receipt,en,split_e99dd551d79f94af,splitgrp_dfd8866c46745e,false,true,true,true,true,true,0.30947586182114983,high,high,medium,degraded,21.237291153247707,7.548270225524902,37,all_sroie_dev_select,false
ocrbench_5247ee8359731e89,ocr-benchmark-8854b5f20deb6611,sroie_page_5f19d17fe4cc18,sroie_doc_ec8427d7f87563,split_8b43bdb9e2fb3408,sroie,SROIE2019,dev_select,data/raw/public/sroie/SROIE2019/test/img/X51005568890.jpg,c5e620f8e345e90e3435cf3c250574848847f8e35d28919bf0a8c1b515d6c80a,data/processed/normalized_ie_annotations/sroie/sroie_page_5f19d17fe4cc18.json,84c9410cd686cbf0d10dd3b97812fbd60125cfdae725db977ba02564af1d8501,1.0,MIT-ZZZDAVID-ICDAR2019-SROIE-REPOSITORY,888,1615,36.0,49,receipt,en,split_8b43bdb9e2fb3408,X51005568890,false,true,true,true,true,true,0.26631662622374697,high,high,medium,clean,44.97637139971919,13.349081039428711,0,all_sroie_dev_select,false
ocrbench_973fd27179991971,ocr-benchmark-8854b5f20deb6611,sroie_page_622bfa327a254d,sroie_doc_01a1bbe4381992,split_8fb9eeac306251c1,sroie,SROIE2019,dev_select,data/raw/public/sroie/SROIE2019/train/img/X51006619566.jpg,af7b2ebb240d9dd48049e7bf2d4c7a9fe051b57911910781ed6f9ba9adb705d0,data/processed/normalized_ie_annotations/sroie/sroie_page_622bfa327a254d.json,87bb36abb8bcf4c759683b806d88805b7271e70fe071a31da1f2e179b4721fe7,1.0,MIT-ZZZDAVID-ICDAR2019-SROIE-REPOSITORY,884,1679,40.0,27,receipt,en,split_8fb9eeac306251c1,X51006619566,false,true,true,true,true,true,0.20556771295130963,high,high,medium,degraded,28.433058197438097,7.71734094619751,37,all_sroie_dev_select,false
ocrbench_2dac50ee895493a2,ocr-benchmark-8854b5f20deb6611,sroie_page_64135a4de492a8,sroie_doc_d3cd0f17c4a830,split_2482143118d80b6b,sroie,SROIE2019,dev_select,data/raw/public/sroie/SROIE2019/train/img/X51009453801.jpg,1613ee46467b109043805e79d821d9a7ecdbc6a3d53ffa954d308018ed43faec,data/processed/normalized_ie_annotations/sroie/sroie_page_64135a4de492a8.json,35ad3efb963d11c7025e626ce96b569795dba42aa349b687e836b04131725e5c,1.0,MIT-ZZZDAVID-ICDAR2019-SROIE-REPOSITORY,583,1303,22.0,45,receipt,en,split_2482143118d80b6b,X51009453801,false,true,true,true,true,true,0.16983369951122163,high,medium,medium,degraded,10.182954069961362,2.543062686920166,0,all_sroie_dev_select,false
ocrbench_fee9902eb0da3190,ocr-benchmark-8854b5f20deb6611,sroie_page_68a294b230411a,sroie_doc_81a12fddd813ac,split_dc2d3c349754d7bf,sroie,SROIE2019,dev_select,data/raw/public/sroie/SROIE2019/train/img/X51008042783.jpg,17462e8b5979d37c0786228d97a8241c0fbdb7327e3435be58e09d8c48fa7fbe,data/processed/normalized_ie_annotations/sroie/sroie_page_68a294b230411a.json,53be1c10b615f5516db6cddd4145eca002d783a423a09e3d4fbab67f2f425e5a,1.0,MIT-ZZZDAVID-ICDAR2019-SROIE-REPOSITORY,783,1583,31.0,35,receipt,en,split_dc2d3c349754d7bf,X51008042783,false,true,true,true,true,true,0.2206473796863062,high,high,medium,degraded,15.302632071509178,4.293985366821289,37,all_sroie_dev_select,false
ocrbench_810bc0dbf93b082a,ocr-benchmark-8854b5f20deb6611,sroie_page_6a4f65b41c99c5,sroie_doc_58fc9ad935ca16,split_95eaec4531936bfe,sroie,SROIE2019,dev_select,data/raw/public/sroie/SROIE2019/test/img/X51006557173.jpg,36882e57ae86cc98033eeac13a0e0762b3711244c32ccf146ab3e0ac7bdff40b,data/processed/normalized_ie_annotations/sroie/sroie_page_6a4f65b41c99c5.json,afb711c7d4f9950cbc84711bad31b63ce7ffbef2902a74a8a9d375c00786675f,1.0,MIT-ZZZDAVID-ICDAR2019-SROIE-REPOSITORY,620,1188,21.0,79,receipt,en,split_95eaec4531936bfe,X51006557173,false,true,true,true,true,true,0.38489328771586834,high,medium,medium,degraded,34.44502149559442,13.879176139831543,0,all_sroie_dev_select,false
ocrbench_053d507c22539b2b,ocr-benchmark-8854b5f20deb6611,sroie_page_6da859229f29bc,sroie_doc_9ca0c0d930879b,split_70f81bc9d3c8220c,sroie,SROIE2019,dev_select,data/raw/public/sroie/SROIE2019/train/img/X51005663279.jpg,0ab422bd3cd767b823c44ea612e7ccc97ead8a66a1c72d7a16773bb4bf9c6af8,data/processed/normalized_ie_annotations/sroie/sroie_page_6da859229f29bc.json,24367b754b2e62b5ea787aa8f817e92a3199a71683f6bc01529cd95693951ce0,1.0,MIT-ZZZDAVID-ICDAR2019-SROIE-REPOSITORY,943,1871,33.0,58,receipt,en,split_70f81bc9d3c8220c,X51005663279,false,true,true,true,true,true,0.2088351934108424,high,high,medium,degraded,33.01187195257987,9.435113906860352,0,all_sroie_dev_select,false
ocrbench_e0e75385a80cc454,ocr-benchmark-8854b5f20deb6611,sroie_page_702c81df4e0d19,sroie_doc_414ba55a2577d9,split_6303350b3e426c72,sroie,SROIE2019,dev_select,data/raw/public/sroie/SROIE2019/test/img/X51006008092.jpg,a19cccd22f032bc042941611a0b7a89e4dd298eb27f027131463f23cb68f9329,data/processed/normalized_ie_annotations/sroie/sroie_page_702c81df4e0d19.json,d519c4ff25fc5f6dbbbd733ce2c8583e937b75134c0e7c6919daccd2c5471b4e,1.0,MIT-ZZZDAVID-ICDAR2019-SROIE-REPOSITORY,745,2094,29.0,52,receipt,en,split_6303350b3e426c72,X51006008092,false,true,true,false,true,true,0.2680711268373044,high,high,medium,degraded,24.905146815822476,8.948745727539062,0,all_sroie_dev_select,false
ocrbench_e3705804c55195c6,ocr-benchmark-8854b5f20deb6611,sroie_page_72ae42b5a0e651,sroie_doc_692cb4a2d43743,split_eaf2243b4027cd26,sroie,SROIE2019,dev_select,data/raw/public/sroie/SROIE2019/train/img/X51005719874.jpg,56f231c5ce79ee5b3ccbc7b59b13d302f94534c9178961b468e0c9ba7463c182,data/processed/normalized_ie_annotations/sroie/sroie_page_72ae42b5a0e651.json,f4dbb5ce59651b8f6d1e5ff20c53e14146adc784868c3d5c73c0a491f54db2a0,1.0,MIT-ZZZDAVID-ICDAR2019-SROIE-REPOSITORY,932,1368,36.0,26,receipt,en,split_eaf2243b4027cd26,X51005719874,false,true,true,true,true,true,0.21238595863765278,high,high,medium,degraded,27.898716261291558,7.9128007888793945,0,all_sroie_dev_select,false
ocrbench_d31fcc01f135f2fb,ocr-benchmark-8854b5f20deb6611,sroie_page_743b60657d910e,sroie_doc_b3432618d0c909,split_34ed082dbdae5619,sroie,SROIE2019,dev_select,data/raw/public/sroie/SROIE2019/train/img/X51007339158.jpg,0cf3dd37919b9868605e5dff2ceb90a14f4f0125666d70e5f692eea0b4067192,data/processed/normalized_ie_annotations/sroie/sroie_page_743b60657d910e.json,216c4e1caec6f09243ac4c82ec4e15161f3f330eafb1b514a6fa505883f51b24,1.0,MIT-ZZZDAVID-ICDAR2019-SROIE-REPOSITORY,619,1479,23.0,46,receipt,en,split_34ed082dbdae5619,X51007339158,false,true,true,true,true,true,0.24377144317701455,high,medium,medium,degraded,31.085386710806024,11.99815559387207,0,all_sroie_dev_select,false
ocrbench_d8542c097e8659a3,ocr-benchmark-8854b5f20deb6611,sroie_page_7a0645220f4f9a,sroie_doc_cefdd8c5e9dc38,split_b87567385bf3e21e,sroie,SROIE2019,dev_select,data/raw/public/sroie/SROIE2019/test/img/X51006349083.jpg,22dc367f2b2b0d783b6015ca36ac45181db8fd0a1de18f0e9ef55af8e74d981a,data/processed/normalized_ie_annotations/sroie/sroie_page_7a0645220f4f9a.json,0e33af341e2c4ea1bc3f832584cf026c49c2c41ad44b0bdca42217a69152a14b,1.0,MIT-ZZZDAVID-ICDAR2019-SROIE-REPOSITORY,738,1780,25.0,56,receipt,en,split_b87567385bf3e21e,X51006349083,false,true,true,true,true,true,0.1543748667823757,high,high,medium,degraded,18.665894430092745,5.536813735961914,37,all_sroie_dev_select,false
ocrbench_7dcce831b63ecbd6,ocr-benchmark-8854b5f20deb6611,sroie_page_8759ecb2d832b1,sroie_doc_ec19dff85f25f3,split_7a34d209c4ee0933,sroie,SROIE2019,dev_select,data/raw/public/sroie/SROIE2019/test/img/X51006414512.jpg,967e8c2ac061046debd4bf2367f632478fa4373340bbae8106682c4ea056ab85,data/processed/normalized_ie_annotations/sroie/sroie_page_8759ecb2d832b1.json,3a35b35f9c51bc307ca3dac5a757c69bdbbbbf9d60bca425caa778f371647b26,1.0,MIT-ZZZDAVID-ICDAR2019-SROIE-REPOSITORY,4961,7016,85.0,26,receipt,en,split_7a34d209c4ee0933,X51006414512,false,true,true,true,true,true,0.037917564299138756,medium,high,high,degraded,9.415102150214256,1.2619788646697998,0,all_sroie_dev_select,false
ocrbench_629b6ea62fc09955,ocr-benchmark-8854b5f20deb6611,sroie_page_88270bd03f0ee8,sroie_doc_0b6393a59b30e6,split_cc6ae367dafd72f4,sroie,SROIE2019,dev_select,data/raw/public/sroie/SROIE2019/train/img/X51007391372.jpg,a06a314288d1d80e42974a89003374ea24bbcaae67f8673699c30781d186d882,data/processed/normalized_ie_annotations/sroie/sroie_page_88270bd03f0ee8.json,f33e7e4c522d4c7699e6bf98e836e5b3e2e6ba6e1d2ae11e42ba2f5518f6d1eb,1.0,MIT-ZZZDAVID-ICDAR2019-SROIE-REPOSITORY,587,1779,23.0,63,receipt,en,split_cc6ae367dafd72f4,splitgrp_cc6ae367dafd72,false,true,true,true,true,true,0.1910946658584489,high,medium,medium,degraded,6.913519046732743,2.6293232440948486,0,all_sroie_dev_select,false
ocrbench_a4bf61f1044ef79c,ocr-benchmark-8854b5f20deb6611,sroie_page_8896e11a68121a,sroie_doc_827ddf479c74e9,split_fc98f00607bd9824,sroie,SROIE2019,dev_select,data/raw/public/sroie/SROIE2019/test/img/X51006392167.jpg,eb85564d83e95b58f1fe4dac251021dd5fcfcc025e96e6afeb66c567a44849a6,data/processed/normalized_ie_annotations/sroie/sroie_page_8896e11a68121a.json,6d972ab822e63c5d84decff360730b4a9b7ea2e823f62742dbf13466214ba50a,1.0,MIT-ZZZDAVID-ICDAR2019-SROIE-REPOSITORY,745,1158,23.0,50,receipt,en,split_fc98f00607bd9824,X51006392167,false,true,true,false,true,true,0.26236974185995293,high,medium,medium,degraded,28.268954938731575,10.228889465332031,0,all_sroie_dev_select,false
ocrbench_3450e9123b6cdf29,ocr-benchmark-8854b5f20deb6611,sroie_page_88fb8fc650743e,sroie_doc_7c876f24d918c2,split_4af54b01097d0370,sroie,SROIE2019,dev_select,data/raw/public/sroie/SROIE2019/test/img/X51005763958.jpg,631a8706d23319ebf716e9bfe7da91d21187650e0ea94dcb09bf31f72745d946,data/processed/normalized_ie_annotations/sroie/sroie_page_88fb8fc650743e.json,9d78ad01ac13ae1cf013e9babbc142ea2461083d058055aec5dd6ed4a7a0418e,1.0,MIT-ZZZDAVID-ICDAR2019-SROIE-REPOSITORY,742,1625,29.0,46,receipt,en,split_4af54b01097d0370,X51005763958,false,true,true,true,true,true,0.2474343769438109,high,high,medium,degraded,34.64786208999586,12.572275161743164,0,all_sroie_dev_select,false
ocrbench_1fbef4707f5d7551,ocr-benchmark-8854b5f20deb6611,sroie_page_8c13421c2a63c5,sroie_doc_4040d83c8dd9dd,split_c72878029b547765,sroie,SROIE2019,dev_select,data/raw/public/sroie/SROIE2019/test/img/X51006912998.jpg,c9ca3afeeb21bcd891037f780ae2b51d90a151fdab0287b62a85e3eb0d0a29f6,data/processed/normalized_ie_annotations/sroie/sroie_page_8c13421c2a63c5.json,33320a61dc84a56f75e8c0723c50fbe69cf07a2a3bbc787f11b33a82250182a7,1.0,MIT-ZZZDAVID-ICDAR2019-SROIE-REPOSITORY,4961,7016,88.0,26,receipt,en,split_c72878029b547765,X51006912998,false,true,true,true,true,true,0.04056483789062096,medium,high,high,degraded,10.723867818824987,1.4083013534545898,0,all_sroie_dev_select,false
ocrbench_fe1152b24102cd9d,ocr-benchmark-8854b5f20deb6611,sroie_page_906cabfba939d8,sroie_doc_0c43676b0ce3fc,split_90ef2e1b1a917aab,sroie,SROIE2019,dev_select,data/raw/public/sroie/SROIE2019/test/img/X51005447851.jpg,65d5dcc508776cfc0e389c6536fffe67d1da3ff0cd8c0f577921038548aec346,data/processed/normalized_ie_annotations/sroie/sroie_page_906cabfba939d8.json,9ef07bfdb26288afd6f2f0cdd59c09a1a4095efc210eb1a4e0b291f7f37cbecd,1.0,MIT-ZZZDAVID-ICDAR2019-SROIE-REPOSITORY,928,1771,34.0,43,receipt,en,split_90ef2e1b1a917aab,X51005447851,false,true,true,true,true,true,0.24547730193344885,high,high,medium,degraded,30.795461044543064,9.783103942871094,0,all_sroie_dev_select,false
ocrbench_95c85130266f540c,ocr-benchmark-8854b5f20deb6611,sroie_page_9211dbcd77ed16,sroie_doc_16e0a7f5b6cebf,split_b4cd0db94f075569,sroie,SROIE2019,dev_select,data/raw/public/sroie/SROIE2019/test/img/X51005447842.jpg,5599437a296b736c203c9b44f0739ffd5fffdf1fdedccd0f2fbd54ac9c134b4f,data/processed/normalized_ie_annotations/sroie/sroie_page_9211dbcd77ed16.json,476ef950b513bd750414d6dc743ad9be734c68966f0bded461d999520cdf16e5,1.0,MIT-ZZZDAVID-ICDAR2019-SROIE-REPOSITORY,928,1769,37.0,43,receipt,en,split_b4cd0db94f075569,X51005447842,false,true,true,true,true,true,0.2671889924173018,high,high,medium,degraded,34.26283251554935,11.430286407470703,37,all_sroie_dev_select,false
ocrbench_78eaaae52bea87c6,ocr-benchmark-8854b5f20deb6611,sroie_page_924fb667b3f7c9,sroie_doc_be10abc93eb979,split_a6c4cbdfd15b2b09,sroie,SROIE2019,dev_select,data/raw/public/sroie/SROIE2019/train/img/X51005301661.jpg,cf81742e708b6dda55b00856ec17ad2130e04f5caea3779a9d3e75a4f3bf5e1e,data/processed/normalized_ie_annotations/sroie/sroie_page_924fb667b3f7c9.json,0b905b0a52957fec2cbeac0ffb39d3de4e1c6cbfae6a785f808f42c225654f94,1.0,MIT-ZZZDAVID-ICDAR2019-SROIE-REPOSITORY,818,1924,32.0,82,receipt,en,split_a6c4cbdfd15b2b09,X51005301661,false,true,true,true,true,true,0.33276804639885327,high,high,medium,degraded,22.954939705152853,8.376425743103027,0,all_sroie_dev_select,false
ocrbench_d1fe09d90cc4714b,ocr-benchmark-8854b5f20deb6611,sroie_page_a248a012c87da5,sroie_doc_8f805e193d02f8,split_e687d9a2bbf468b2,sroie,SROIE2019,dev_select,data/raw/public/sroie/SROIE2019/train/img/X51005663276.jpg,93fbf40d153d20b66b94e6864e8017944421aa93a1bf9d8920d3c29223a7e6c0,data/processed/normalized_ie_annotations/sroie/sroie_page_a248a012c87da5.json,b250a51e015e89c982a247fb927a7c11bce3f43736632beac9e58fc9f76d6010,1.0,MIT-ZZZDAVID-ICDAR2019-SROIE-REPOSITORY,937,1449,27.0,58,receipt,en,split_e687d9a2bbf468b2,X51005663276,false,true,true,true,true,true,0.17784833760890556,high,high,medium,clean,63.47471030354439,9.769495964050293,0,all_sroie_dev_select,false
ocrbench_e67e59d0cbea8c52,ocr-benchmark-8854b5f20deb6611,sroie_page_a25b779307ec30,sroie_doc_2de9f01d8cad81,split_9f0d488afcc9c5be,sroie,SROIE2019,dev_select,data/raw/public/sroie/SROIE2019/train/img/X51008142058.jpg,3c6976dc371677c9c6bbc1cc0c544a1a2e6fb88234f48b2696f3e41049c049e1,data/processed/normalized_ie_annotations/sroie/sroie_page_a25b779307ec30.json,d7b0b35df96e49c69ff4f8c28d619d71be638b4510a5a975f92dade4424243d2,1.0,MIT-ZZZDAVID-ICDAR2019-SROIE-REPOSITORY,928,2110,32.0,77,receipt,en,split_9f0d488afcc9c5be,X51008142058,false,true,true,true,true,true,0.20901137849321785,high,high,medium,degraded,25.909751656452066,8.230265617370605,0,all_sroie_dev_select,false
ocrbench_582f27a7bbf1a36b,ocr-benchmark-8854b5f20deb6611,sroie_page_ab00c0842e58a7,sroie_doc_f619b259e75d7e,split_0acb32269747dfaa,sroie,SROIE2019,dev_select,data/raw/public/sroie/SROIE2019/train/img/X51005433541.jpg,ef07a026ffda2e4a25886e1d2deac70def9bd605a6f31d3839c79e6d232d3c28,data/processed/normalized_ie_annotations/sroie/sroie_page_ab00c0842e58a7.json,8a2fdcc1d125f87e3e790a0bef81e59b1b14e81622e32e317f6c333a3d3852e5,1.0,MIT-ZZZDAVID-ICDAR2019-SROIE-REPOSITORY,1080,1527,14.0,39,receipt,en,split_0acb32269747dfaa,X51005433541,false,true,true,true,true,true,0.03233828130684712,medium,medium,medium,degraded,11.42835729168058,1.4926258325576782,0,all_sroie_dev_select,false
ocrbench_21658a1f47308d74,ocr-benchmark-8854b5f20deb6611,sroie_page_abdb3e20c17e3e,sroie_doc_af0b064717ca77,split_09a7aed5268d30ca,sroie,SROIE2019,dev_select,data/raw/public/sroie/SROIE2019/train/img/X51006555814.jpg,89892b41b63773b56d9c726ae55a153125982235763459f6aa02af6ac3b5d964,data/processed/normalized_ie_annotations/sroie/sroie_page_abdb3e20c17e3e.json,d9ab26c0e63790a91ba2643dab862bd3de4544fa4ae4e49c318595e05d58f9b2,1.0,MIT-ZZZDAVID-ICDAR2019-SROIE-REPOSITORY,616,1240,21.0,87,receipt,en,split_09a7aed5268d30ca,X51006555814,false,true,true,true,true,true,0.38191113322161707,high,medium,medium,degraded,26.047391719937544,10.011053085327148,0,all_sroie_dev_select,false
ocrbench_11734ba84eea6e66,ocr-benchmark-8854b5f20deb6611,sroie_page_ac34c48d6b3601,sroie_doc_ca5e250ce3cc24,split_2083de87211f5caf,sroie,SROIE2019,dev_select,data/raw/public/sroie/SROIE2019/test/img/X51007846266.jpg,5d399731ff916722e94b7e5cc1c5caea4c1aa95e4b965a3a919df832c4e63204,data/processed/normalized_ie_annotations/sroie/sroie_page_ac34c48d6b3601.json,6731f0c0ac68dac65d980e6a4908f829460dfcbd1ee611795b492a2088ab40ff,1.0,MIT-ZZZDAVID-ICDAR2019-SROIE-REPOSITORY,4961,7016,66.0,41,receipt,en,split_2083de87211f5caf,X51007846266,false,true,true,true,true,true,0.0360219346018672,medium,high,high,degraded,10.549841567144195,1.4165644645690918,0,all_sroie_dev_select,false
ocrbench_ddac53828deb78fa,ocr-benchmark-8854b5f20deb6611,sroie_page_ae5f902dd081c6,sroie_doc_a7f93fa369c61b,split_a3c082748846bef2,sroie,SROIE2019,dev_select,data/raw/public/sroie/SROIE2019/train/img/X51005663324.jpg,747df90f6946eae4f7767c3282cbcce227d27f60a50e9fadba0e1ea587301d8d,data/processed/normalized_ie_annotations/sroie/sroie_page_ae5f902dd081c6.json,269f5ed52d3f48c75d26b96b0abfb6e7aad13a7d23467e99b52c73bf6e55298c,1.0,MIT-ZZZDAVID-ICDAR2019-SROIE-REPOSITORY,934,2789,38.0,117,receipt,en,split_a3c082748846bef2,splitgrp_a3c082748846be,false,true,true,true,true,true,0.25246859219801254,high,high,high,degraded,24.739145194034258,8.142202377319336,37,all_sroie_dev_select,false
ocrbench_3db81807795fb550,ocr-benchmark-8854b5f20deb6611,sroie_page_ae740cb6a2af79,sroie_doc_8abb3206df2656,split_e99dd551d79f94af,sroie,SROIE2019,dev_select,data/raw/public/sroie/SROIE2019/test/img/X51005301666.jpg,177122548f177241b25024338de0f877b164614f4d5b26fecf649a488e95f9fc,data/processed/normalized_ie_annotations/sroie/sroie_page_ae740cb6a2af79.json,38b68f281d34b2ecf213e2e04ceb51c680ce43782044ad48f4407468ea507fbf,1.0,MIT-ZZZDAVID-ICDAR2019-SROIE-REPOSITORY,835,2333,31.0,89,receipt,en,split_e99dd551d79f94af,X51005301666,false,true,true,true,true,true,0.31869326071389154,high,high,medium,degraded,21.237291153247707,7.548270225524902,37,all_sroie_dev_select,false
ocrbench_fdb44d41e70dda6b,ocr-benchmark-8854b5f20deb6611,sroie_page_b1df8be8e81d80,sroie_doc_51f033500126fc,split_0bd5c9da6a11f80d,sroie,SROIE2019,dev_select,data/raw/public/sroie/SROIE2019/train/img/X51007231365.jpg,609a8c4de7106a9cabb77afdef03bbda8ca41782a14c19bc0d9bb1b1b9000c42,data/processed/normalized_ie_annotations/sroie/sroie_page_b1df8be8e81d80.json,054e5effbbb53a73eb85e1240e69afe9a334af5a0562ce2bf13ab25e8d4739bd,1.0,MIT-ZZZDAVID-ICDAR2019-SROIE-REPOSITORY,4961,7016,82.0,61,receipt,en,split_0bd5c9da6a11f80d,splitgrp_0bd5c9da6a11f8,false,true,true,true,true,true,0.067814902648871,medium,high,high,degraded,15.279577015893388,2.4055140018463135,0,all_sroie_dev_select,false
ocrbench_50884463c7bc82e4,ocr-benchmark-8854b5f20deb6611,sroie_page_b38f63d765fbc7,sroie_doc_ffa4c3ca28625b,split_5e52e35e3324e155,sroie,SROIE2019,dev_select,data/raw/public/sroie/SROIE2019/test/img/X51007846397.jpg,990e79c5b9f03b6ada40fc1258598e1086a5ad7e7027c0a6fad673ff07555888,data/processed/normalized_ie_annotations/sroie/sroie_page_b38f63d765fbc7.json,4345681b99adadcdab7576e1b965aa9fbb69022146b67a757e3037c0e54a7628,1.0,MIT-ZZZDAVID-ICDAR2019-SROIE-REPOSITORY,4961,7016,69.0,39,receipt,en,split_5e52e35e3324e155,X51007846397,false,true,true,true,true,true,0.03580565238966562,medium,high,high,degraded,11.485878065211475,1.5523595809936523,0,all_sroie_dev_select,false
ocrbench_3275ff9453bb74a3,ocr-benchmark-8854b5f20deb6611,sroie_page_b621748537e1ab,sroie_doc_b4e417c0256436,split_0600fb08e6c2bc8e,sroie,SROIE2019,dev_select,data/raw/public/sroie/SROIE2019/train/img/X51008164524.jpg,cc615b653a98298cf1cd42be32e6e8bcd06b1c5af8da7819461dd631b66691b2,data/processed/normalized_ie_annotations/sroie/sroie_page_b621748537e1ab.json,42aaf54413e8f8b6f6226f6ba471b9177f0777193fd63d5c990d98d6c37defed,1.0,MIT-ZZZDAVID-ICDAR2019-SROIE-REPOSITORY,924,1771,37.0,48,receipt,en,split_0600fb08e6c2bc8e,splitgrp_0600fb08e6c2bc,false,true,true,true,true,true,0.2653116223133163,high,high,medium,clean,40.10932612998235,9.831546783447266,37,all_sroie_dev_select,false
ocrbench_09f476558d26a011,ocr-benchmark-8854b5f20deb6611,sroie_page_b83b0071bd18d1,sroie_doc_c3336f97155341,split_ac872e7c3f139d66,sroie,SROIE2019,dev_select,data/raw/public/sroie/SROIE2019/train/img/X51005447832.jpg,feec3cd6dd08f5e7c377a622593988a61e671e6e09064dae9e3f7e079c217a07,data/processed/normalized_ie_annotations/sroie/sroie_page_b83b0071bd18d1.json,10c00983d7776f431b8f5208dfee400bb9ebda5ff0e8517f3978260655eb45e5,1.0,MIT-ZZZDAVID-ICDAR2019-SROIE-REPOSITORY,664,1664,32.0,48,receipt,en,split_ac872e7c3f139d66,X51005447832,false,true,true,true,true,true,0.28522593981696015,high,high,medium,degraded,27.439770314498105,7.8951005935668945,37,all_sroie_dev_select,false
ocrbench_f74515385a48f276,ocr-benchmark-8854b5f20deb6611,sroie_page_c0621f34967c84,sroie_doc_0371fad3e870c6,split_5591542143fd9e4a,sroie,SROIE2019,dev_select,data/raw/public/sroie/SROIE2019/train/img/X51007231361.jpg,e2db5494259b267bfd60b9df3d360a81cdda1030b3703b46ad9c609e4fd301ea,data/processed/normalized_ie_annotations/sroie/sroie_page_c0621f34967c84.json,2f7d035eae8e62d7f99609a506e62ab27fba94cb2395f25a19543103eb1866d9,1.0,MIT-ZZZDAVID-ICDAR2019-SROIE-REPOSITORY,4945,6981,72.0,74,receipt,en,split_5591542143fd9e4a,X51007231361,false,true,true,true,true,true,0.06115179885197566,medium,high,high,degraded,13.428632539924843,2.4533090591430664,0,all_sroie_dev_select,false
ocrbench_64da3a5f324145d7,ocr-benchmark-8854b5f20deb6611,sroie_page_c0f84a776de014,sroie_doc_d33319c468d36a,split_faab549ea4543f54,sroie,SROIE2019,dev_select,data/raw/public/sroie/SROIE2019/train/img/X51007339136.jpg,e99f6f07e5f601ae5ff8fa3b878ffb6cc6ff1d223a7d9ef565a7df9f98cb9559,data/processed/normalized_ie_annotations/sroie/sroie_page_c0f84a776de014.json,d38d431a69cef6d302e62eaf1c1c8c12db103fdf6ed741ffd62a7c2ea8c26f43,1.0,MIT-ZZZDAVID-ICDAR2019-SROIE-REPOSITORY,623,1719,23.0,65,receipt,en,split_faab549ea4543f54,X51007339136,false,true,true,true,true,true,0.26797654764005724,high,medium,medium,degraded,30.563884035344874,12.441728591918945,0,all_sroie_dev_select,false
ocrbench_6e7503e5852e2de0,ocr-benchmark-8854b5f20deb6611,sroie_page_c1394cd8ccd4f1,sroie_doc_17e923a81193c1,split_1f4b87f823f67740,sroie,SROIE2019,dev_select,data/raw/public/sroie/SROIE2019/train/img/X51006619785.jpg,bde3eadbe00e70bc118b7984a4180b7a064701b5ccb4e8ca9d3d57ff953765d4,data/processed/normalized_ie_annotations/sroie/sroie_page_c1394cd8ccd4f1.json,1cd24043154b00e7bf05187f56fe2c91d9320496ffdd941a4ff62afa1d89f306,1.0,MIT-ZZZDAVID-ICDAR2019-SROIE-REPOSITORY,880,2900,34.0,78,receipt,en,split_1f4b87f823f67740,X51006619785,false,true,true,true,true,true,0.2665521159874608,high,high,high,degraded,19.252327200081492,6.235046863555908,37,all_sroie_dev_select,false
ocrbench_c0751ad46a4da98f,ocr-benchmark-8854b5f20deb6611,sroie_page_c414d1cc5d75e8,sroie_doc_61ad20e0154332,split_4502e1874c9e6bcc,sroie,SROIE2019,dev_select,data/raw/public/sroie/SROIE2019/train/img/X51008164420.jpg,3c4c60d98d2618c6a1e1af6ee3c0ee8db865433cda808776d08d95b5ac179281,data/processed/normalized_ie_annotations/sroie/sroie_page_c414d1cc5d75e8.json,643a4d6e39a84fff3b8597ac87fbd83307f001ba2f0eb4b71de188e2029a9955,1.0,MIT-ZZZDAVID-ICDAR2019-SROIE-REPOSITORY,936,2248,42.0,42,receipt,en,split_4502e1874c9e6bcc,X51008164420,false,true,true,false,true,true,0.26179823660917967,high,high,high,degraded,25.02188633964377,7.657219886779785,0,all_sroie_dev_select,false
ocrbench_30176a44e5db76d3,ocr-benchmark-8854b5f20deb6611,sroie_page_c481dc3606a0de,sroie_doc_2bd0c32b077f42,split_2db14bc2d0964182,sroie,SROIE2019,dev_select,data/raw/public/sroie/SROIE2019/test/img/X51006619863.jpg,f9c3e2df2117d969f127100214eaaa72a1b6330bdaa27702e984f0c2d779bcb6,data/processed/normalized_ie_annotations/sroie/sroie_page_c481dc3606a0de.json,ca655de435cb265db191561ded159e7e78da83eaeeefff7a5e63a3cb61e9611f,1.0,MIT-ZZZDAVID-ICDAR2019-SROIE-REPOSITORY,892,1495,41.0,28,receipt,en,split_2db14bc2d0964182,splitgrp_2db14bc2d09641,false,true,true,true,true,true,0.21026215936529838,high,high,medium,clean,49.36384563287719,9.706966400146484,0,all_sroie_dev_select,false
ocrbench_c1792ce0cf661205,ocr-benchmark-8854b5f20deb6611,sroie_page_c5d018d8deea0c,sroie_doc_a337773421585f,split_e3f08a045d7e2099,sroie,SROIE2019,dev_select,data/raw/public/sroie/SROIE2019/test/img/X51006619509.jpg,dea65d3d8cfbe2bb0dbf0014f8ad7d1c8b847a32bc996500ceea0b2229945949,data/processed/normalized_ie_annotations/sroie/sroie_page_c5d018d8deea0c.json,b570d8aa06f1fe73421d751a37e757b86c9808ef134e62cc6ff6b7121ecfac40,1.0,MIT-ZZZDAVID-ICDAR2019-SROIE-REPOSITORY,932,1512,43.0,25,receipt,en,split_e3f08a045d7e2099,X51006619509,false,true,true,false,true,true,0.20690839521311624,high,high,medium,degraded,15.901828128944553,5.050996780395508,37,all_sroie_dev_select,false
ocrbench_df588c14dadd1819,ocr-benchmark-8854b5f20deb6611,sroie_page_d27ce2170f5583,sroie_doc_91d36fae56573f,split_eac10bfcd85a027c,sroie,SROIE2019,dev_select,data/raw/public/sroie/SROIE2019/train/img/X51006466060.jpg,c4ac31acf1e37701b9b75712bd8e69e9a070a20be31ef45e02d45f898d912dab,data/processed/normalized_ie_annotations/sroie/sroie_page_d27ce2170f5583.json,1238a8239c959d00e5e460e1f1420381d60421597c5adaa376759b042f68f8d9,1.0,MIT-ZZZDAVID-ICDAR2019-SROIE-REPOSITORY,443,911,24.0,32,receipt,en,split_eac10bfcd85a027c,X51006466060,false,true,true,true,true,true,0.3378050563342939,high,high,low,degraded,28.11408819165872,9.36257553100586,37,all_sroie_dev_select,false
ocrbench_e4edeb0cb1b235ce,ocr-benchmark-8854b5f20deb6611,sroie_page_d89272e2587990,sroie_doc_7cd9f19f0f50bd,split_fa5a52937bce3926,sroie,SROIE2019,dev_select,data/raw/public/sroie/SROIE2019/train/img/X51005442386.jpg,e79e090bcb8f3e627f46150fdf016e66582c39989c5cfb16252f15b1c26ebcf8,data/processed/normalized_ie_annotations/sroie/sroie_page_d89272e2587990.json,2749c1be7507d4f14953c41a6b604ff0f9cd614c44bfea70701201cc087975e5,1.0,MIT-ZZZDAVID-ICDAR2019-SROIE-REPOSITORY,1080,1528,14.0,39,receipt,en,split_fa5a52937bce3926,X51005442386,false,true,true,true,true,true,0.03241649699437658,medium,medium,medium,degraded,12.246270859215493,1.6408147811889648,0,all_sroie_dev_select,false
ocrbench_2de63e78a04e9b24,ocr-benchmark-8854b5f20deb6611,sroie_page_dc3f58c627f458,sroie_doc_8f86d037ff11e2,split_5f8217d987b92a94,sroie,SROIE2019,dev_select,data/raw/public/sroie/SROIE2019/train/img/X51005442376.jpg,258ba886bf99cf3ec871f94cec05c64c8c831b9de4ad9531d48fa5f87663fc1c,data/processed/normalized_ie_annotations/sroie/sroie_page_dc3f58c627f458.json,cf2eb9db0efbd33ee5825f25594d2df25d1653e2543f70847a439d326a6e69b9,1.0,MIT-ZZZDAVID-ICDAR2019-SROIE-REPOSITORY,1080,1528,14.0,39,receipt,en,split_5f8217d987b92a94,splitgrp_5f8217d987b92a,false,true,true,true,true,true,0.03098458406050029,medium,medium,medium,degraded,12.29811304931333,1.5795453786849976,0,all_sroie_dev_select,false
ocrbench_c79d47e26cc575d1,ocr-benchmark-8854b5f20deb6611,sroie_page_dd16d70b24266f,sroie_doc_24392287a84793,split_00561934c2f766fd,sroie,SROIE2019,dev_select,data/raw/public/sroie/SROIE2019/train/img/X51007846307.jpg,13818cb1cfd5c19bb76c9d7d8cf0745c1391062cd004e8417a3a76a4bcbedf79,data/processed/normalized_ie_annotations/sroie/sroie_page_dd16d70b24266f.json,34d622730c8f66775e558bfb6aba01e248271b0af8c79edca912919cef697a43,1.0,MIT-ZZZDAVID-ICDAR2019-SROIE-REPOSITORY,4961,7016,65.0,41,receipt,en,split_00561934c2f766fd,X51007846307,false,true,true,true,true,true,0.035240899540934685,medium,high,high,degraded,11.848276961000847,1.57925546169281,37,all_sroie_dev_select,false
ocrbench_e7e68d2f862d4ce8,ocr-benchmark-8854b5f20deb6611,sroie_page_df1c82e857a1c1,sroie_doc_6b8b27cd8bdd52,split_372617724e545f7d,sroie,SROIE2019,dev_select,data/raw/public/sroie/SROIE2019/train/img/X51005745183.jpg,51475a47b6e174712f082697fc4869d4fedb6e6a8dbe2401bc94dd0205e00e91,data/processed/normalized_ie_annotations/sroie/sroie_page_df1c82e857a1c1.json,fcc2d94fff86f224e516070dc71695089a86d33ffc693e3f8de449c1374e7b86,1.0,MIT-ZZZDAVID-ICDAR2019-SROIE-REPOSITORY,740,1173,25.0,40,receipt,en,split_372617724e545f7d,X51005745183,false,true,true,true,true,true,0.25689385037211127,high,high,medium,clean,49.264417149777145,16.176586151123047,0,all_sroie_dev_select,false
ocrbench_f830881650c73093,ocr-benchmark-8854b5f20deb6611,sroie_page_dff9b869e2159a,sroie_doc_711b0410ed3c5d,split_51cd6f2419a4dfa4,sroie,SROIE2019,dev_select,data/raw/public/sroie/SROIE2019/train/img/X51008114260.jpg,afaea33da5f2551b0e7c8cc908e7f28cf3162edad783b78e6e5c3c069a43c0b1,data/processed/normalized_ie_annotations/sroie/sroie_page_dff9b869e2159a.json,fe9ec004c192beaaafa7dedd94874debf037db342f484878e68eb354451176e7,1.0,MIT-ZZZDAVID-ICDAR2019-SROIE-REPOSITORY,751,1324,35.0,27,receipt,en,split_51cd6f2419a4dfa4,X51008114260,false,true,true,true,true,true,0.2257885759571327,high,high,medium,degraded,23.568908041246953,6.856006622314453,37,all_sroie_dev_select,false
ocrbench_b4d73d09835c3b62,ocr-benchmark-8854b5f20deb6611,sroie_page_dffb496b7429c7,sroie_doc_50ff5951dd44f8,split_330e59a55384adf9,sroie,SROIE2019,dev_select,data/raw/public/sroie/SROIE2019/train/img/X51006311780.jpg,6a15b02611606ac78be7f32c2f62a022a84a41b4788215412c90df7a77982337,data/processed/normalized_ie_annotations/sroie/sroie_page_dffb496b7429c7.json,8e517db48f7165831b80a236d4b62d03e50bab5be690a5adc3f735fb29f5542b,1.0,MIT-ZZZDAVID-ICDAR2019-SROIE-REPOSITORY,850,2023,27.0,70,receipt,en,split_330e59a55384adf9,X51006311780,false,true,true,true,true,true,0.22195632578290833,high,high,medium,clean,72.01275779559478,9.10725212097168,0,all_sroie_dev_select,false
ocrbench_5bbbe1f1e8b35238,ocr-benchmark-8854b5f20deb6611,sroie_page_e0f3a20d57e33c,sroie_doc_e1277da23fe905,split_5552ec91a827c4bf,sroie,SROIE2019,dev_select,data/raw/public/sroie/SROIE2019/train/img/X51005889296.jpg,ea5fc6f2b15c599e02732e7e26b8dbf991e5de93aba3e925e0e9389570aee9ec,data/processed/normalized_ie_annotations/sroie/sroie_page_e0f3a20d57e33c.json,e8a05abd216c0c25e0129de3b63b3786304d25435084ed501a91ca7d52031eea,1.0,MIT-ZZZDAVID-ICDAR2019-SROIE-REPOSITORY,619,1331,26.0,41,receipt,en,split_5552ec91a827c4bf,X51005889296,false,true,true,true,true,true,0.18930705471246734,high,high,medium,degraded,24.093239529190846,7.816651344299316,0,all_sroie_dev_select,false
ocrbench_da179f53e87f8a78,ocr-benchmark-8854b5f20deb6611,sroie_page_e5941dc2e7c115,sroie_doc_054be40312f28c,split_40f55ce8f921920f,sroie,SROIE2019,dev_select,data/raw/public/sroie/SROIE2019/train/img/X51006913070.jpg,adbc560c4ab9c8d7a34ce2f4e949df618932b5dd76347ed2edbde5ec12375e05,data/processed/normalized_ie_annotations/sroie/sroie_page_e5941dc2e7c115.json,f03e66739d143a5ff8c61f2b0e5594f4fc89831f1794496e23433494286d5c63,1.0,MIT-ZZZDAVID-ICDAR2019-SROIE-REPOSITORY,4961,7016,67.0,43,receipt,en,split_40f55ce8f921920f,X51006913070,false,true,true,true,true,true,0.03787254381208776,medium,high,high,degraded,11.620199809970229,1.6102524995803833,37,all_sroie_dev_select,false
ocrbench_26de792f3173af5b,ocr-benchmark-8854b5f20deb6611,sroie_page_e63b6d588295aa,sroie_doc_1f7ea4c625f64a,split_848fb667078f2fe0,sroie,SROIE2019,dev_select,data/raw/public/sroie/SROIE2019/train/img/X51006441474.jpg,7c8e3bd007bebbf37ac99191a997fb49d5da55161f4902b9f2df0856b9d7d877,data/processed/normalized_ie_annotations/sroie/sroie_page_e63b6d588295aa.json,a103b9f624cb900bae4590877d5d8321c81a3005e7eb876a9c2cd994397d4626,1.0,MIT-ZZZDAVID-ICDAR2019-SROIE-REPOSITORY,621,975,21.0,56,receipt,en,split_848fb667078f2fe0,X51006441474,false,true,true,true,true,true,0.2952673520789463,high,medium,medium,degraded,32.20370697742831,11.495695114135742,0,all_sroie_dev_select,false
ocrbench_5da7d9158ac4f2ad,ocr-benchmark-8854b5f20deb6611,sroie_page_e7232b6435ba6a,sroie_doc_11c8c060d9ccab,split_c532edea860b85c0,sroie,SROIE2019,dev_select,data/raw/public/sroie/SROIE2019/test/img/X51005361908.jpg,ffecaf146fdf0a16a993482fb207eaffc13117529899047fb166ea82d1eee9ae,data/processed/normalized_ie_annotations/sroie/sroie_page_e7232b6435ba6a.json,7a9ee427d1e688568212feb46370b2052a502fc03e21989ed5917ffecd8e0bad,1.0,MIT-ZZZDAVID-ICDAR2019-SROIE-REPOSITORY,1654,2339,25.0,61,receipt,en,split_c532edea860b85c0,X51005361908,false,true,true,true,true,true,0.05983654482920129,medium,high,high,degraded,24.190742135245767,5.018667697906494,0,all_sroie_dev_select,false
ocrbench_88f08c1bd769259f,ocr-benchmark-8854b5f20deb6611,sroie_page_e72b5c8749c2c2,sroie_doc_df909892db0154,split_2ff8f703cad7b780,sroie,SROIE2019,dev_select,data/raw/public/sroie/SROIE2019/test/img/X51005663307.jpg,9def235e9f6eb92ed8e5c528471e0b2bc7cbe3774864b8b070a14eb9bae3c197,data/processed/normalized_ie_annotations/sroie/sroie_page_e72b5c8749c2c2.json,546a8cb7618d74462d3ed8bcf0307e63c645a022949bc3b2a0e5870dc9e10e2d,1.0,MIT-ZZZDAVID-ICDAR2019-SROIE-REPOSITORY,939,2280,34.0,80,receipt,en,split_2ff8f703cad7b780,X51005663307,false,true,true,true,true,true,0.2562066775031295,high,high,high,clean,36.40999032973213,8.671777725219727,0,all_sroie_dev_select,false
ocrbench_78b97300382946cb,ocr-benchmark-8854b5f20deb6611,sroie_page_ec09f3d1e6bc59,sroie_doc_0c2c0ea9b9fce6,split_97ba63a9a55f11cf,sroie,SROIE2019,dev_select,data/raw/public/sroie/SROIE2019/test/img/X51007339127.jpg,aa8bbdbce529fae33af0933b86a6eb5cde7dc1ae6b2e4fd22bbb04ac8a16aff6,data/processed/normalized_ie_annotations/sroie/sroie_page_ec09f3d1e6bc59.json,3e717b327b7242e668d3b5cc0174be7e5306f7877aa70952cfbeacd23a259626,1.0,MIT-ZZZDAVID-ICDAR2019-SROIE-REPOSITORY,623,1475,23.0,46,receipt,en,split_97ba63a9a55f11cf,splitgrp_97ba63a9a55f11,false,true,true,true,true,true,0.24018826346002123,high,medium,medium,degraded,31.38083653197739,12.09508991241455,0,all_sroie_dev_select,false
ocrbench_c19ffea3ec4db6eb,ocr-benchmark-8854b5f20deb6611,sroie_page_ed38e56eb463f8,sroie_doc_17b8694ee3f0ed,split_16526b18cffd5536,sroie,SROIE2019,dev_select,data/raw/public/sroie/SROIE2019/train/img/X51007339152.jpg,25d742f3a7bb0531137a5684c90810ce2d9b3087d341fe3cf246abf1cd21b473,data/processed/normalized_ie_annotations/sroie/sroie_page_ed38e56eb463f8.json,59e7ef0e54ea281a9dc8095badbef7278e075514648ca71fdf0615ac7ff81249,1.0,MIT-ZZZDAVID-ICDAR2019-SROIE-REPOSITORY,623,1479,23.0,46,receipt,en,split_16526b18cffd5536,X51007339152,false,true,true,true,true,true,0.24237234607132277,high,medium,medium,degraded,30.323528384992564,12.065730094909668,37,all_sroie_dev_select,false
ocrbench_be7bb97d3cba575a,ocr-benchmark-8854b5f20deb6611,sroie_page_ef65c73dfc1f0c,sroie_doc_dfa4d71c145539,split_c5e6f705a9375255,sroie,SROIE2019,dev_select,data/raw/public/sroie/SROIE2019/train/img/X51007846366.jpg,5b2feea99088bb4160cab5ae5256611ff54c8056c6253d98ccf00c32e9f1fcf5,data/processed/normalized_ie_annotations/sroie/sroie_page_ef65c73dfc1f0c.json,6e3b0c51c5c018997c8725fe3ff0b297f37646fc9683000c471e0c4d95303c46,1.0,MIT-ZZZDAVID-ICDAR2019-SROIE-REPOSITORY,4961,7016,81.0,61,receipt,en,split_c5e6f705a9375255,X51007846366,false,true,true,true,true,true,0.06929135627334486,medium,high,high,degraded,19.23672536473933,2.8357033729553223,0,all_sroie_dev_select,false
ocrbench_9ec94bfdc77ecd99,ocr-benchmark-8854b5f20deb6611,sroie_page_f2f86292df4c79,sroie_doc_c77db0c84d2912,split_72ed8402447175cb,sroie,SROIE2019,dev_select,data/raw/public/sroie/SROIE2019/test/img/X51006008105.jpg,cd0f748f1fe9f8e615d45a3a913e36253d583c8ef7944f07b033f240341bfd23,data/processed/normalized_ie_annotations/sroie/sroie_page_f2f86292df4c79.json,1d525f22d9f0ec402efcbb237c501b5bf1bc93e544244b91d26d07ccf0c3fae8,1.0,MIT-ZZZDAVID-ICDAR2019-SROIE-REPOSITORY,745,1680,35.0,45,receipt,en,split_72ed8402447175cb,X51006008105,false,true,true,true,true,true,0.254639661233621,high,high,medium,degraded,33.06103296741641,9.443198204040527,0,all_sroie_dev_select,false
ocrbench_fbc04431f3483530,ocr-benchmark-8854b5f20deb6611,sroie_page_f71deb5c15610e,sroie_doc_a2a8802dc36d0a,split_59c0a7e97ac65f68,sroie,SROIE2019,dev_select,data/raw/public/sroie/SROIE2019/train/img/X51005742068.jpg,e5932b5932013efa8b9aac59d037c73fa6aeae4124a18c4203dcd79a1d8fc49c,data/processed/normalized_ie_annotations/sroie/sroie_page_f71deb5c15610e.json,433a2a09ed70947a5c1280c12689ceb159bbd2a744cc3eca5a3879f552f5b6d4,1.0,MIT-ZZZDAVID-ICDAR2019-SROIE-REPOSITORY,831,1331,37.0,26,receipt,en,split_59c0a7e97ac65f68,X51005742068,false,true,true,true,true,true,0.23293471155749998,high,high,medium,clean,36.37955659595304,10.49319076538086,0,all_sroie_dev_select,false
ocrbench_9922e69bd4dfdb50,ocr-benchmark-8854b5f20deb6611,sroie_page_ffe43fc5c2b0a9,sroie_doc_5d9f2791555437,split_ed60720be036e22d,sroie,SROIE2019,dev_select,data/raw/public/sroie/SROIE2019/train/img/X51008114282.jpg,736fe4da7a5bab34a44c19d0f140aad3c2eb4bab33eb34d9aff2434146f9f3f4,data/processed/normalized_ie_annotations/sroie/sroie_page_ffe43fc5c2b0a9.json,744f8b3ac80cb9be2e9b49c15b7a742f88ec11415ee22a29330dd99c0629c244,1.0,MIT-ZZZDAVID-ICDAR2019-SROIE-REPOSITORY,888,1741,40.0,29,receipt,en,split_ed60720be036e22d,X51008114282,false,true,true,true,true,true,0.20046079968538325,high,high,medium,degraded,34.91247715898702,8.274436950683594,0,all_sroie_dev_select,false
ocrbench_38df5446c3c46fe9,ocr-benchmark-8854b5f20deb6611,fatura_page_00696fe82ff85a,fatura_doc_0fb45419b72313,split_75cdb402ea07f82a,fatura,invoices_dataset_final,dev_select,data/raw/public/fatura/invoices_dataset_final/images/Template10_Instance182.jpg,9308f34f40d8017771c1d4dad14acf6ed6fa95c4091b794694e26fc72072647a,data/processed/normalized_ie_annotations/fatura/fatura_page_00696fe82ff85a.json,41e461879d0ef26759f55a41f10e7a1b8083eb1c85c70b21782f8bc8ebba8c26,1.0,CC-BY-4.0-Zenodo-8261508,595,841,46.0,97,invoice,tr,split_75cdb402ea07f82a,template10,true,true,true,true,true,true,1.0,high,high,medium,degraded,30.81625783960645,5.707550525665283,0,deterministic_stratified_fatura_dev_select,false
ocrbench_db283d702bad093d,ocr-benchmark-8854b5f20deb6611,fatura_page_0079a05fed0b41,fatura_doc_c7b1d22b3a14bf,split_bc966078a2f3e7dc,fatura,invoices_dataset_final,dev_select,data/raw/public/fatura/invoices_dataset_final/images/Template22_Instance136.jpg,9f709e77c2c2bbf1b33bb226b7a1442125f77f0b945658c77bbe6aac03826660,data/processed/normalized_ie_annotations/fatura/fatura_page_0079a05fed0b41.json,146b3b706933a9ea1268769d511c1bd79de848eb1742f7e85cfc858f53c53ec2,1.0,CC-BY-4.0-Zenodo-8261508,595,841,26.0,50,invoice,tr,split_bc966078a2f3e7dc,template22,true,true,true,true,true,true,0.8084932903006625,high,high,medium,degraded,29.825072731636293,3.9027819633483887,37,deterministic_stratified_fatura_dev_select,false
ocrbench_33eb7697be7464d8,ocr-benchmark-8854b5f20deb6611,fatura_page_008f1b53ade35f,fatura_doc_7b2414c3927bc6,split_bc966078a2f3e7dc,fatura,invoices_dataset_final,dev_select,data/raw/public/fatura/invoices_dataset_final/images/Template22_Instance46.jpg,55201f0d4c4b57ee51a7b2c4188db763ff271f0f3946ef3ead1987b14af77608,data/processed/normalized_ie_annotations/fatura/fatura_page_008f1b53ade35f.json,5599658f143d6b9f862d159c3215e71313756d2e0a4509251adae3600a41542f,1.0,CC-BY-4.0-Zenodo-8261508,595,841,12.0,48,invoice,tr,split_bc966078a2f3e7dc,template22,true,true,true,true,true,true,0.7802635917625076,high,medium,medium,degraded,29.799891789851806,4.00795316696167,37,deterministic_stratified_fatura_dev_select,false
ocrbench_0c3d07f05fa30c5c,ocr-benchmark-8854b5f20deb6611,fatura_page_0113d585ea8e5e,fatura_doc_57886e1426d96b,split_bc966078a2f3e7dc,fatura,invoices_dataset_final,dev_select,data/raw/public/fatura/invoices_dataset_final/images/Template22_Instance96.jpg,c3cf423cfaf66706ee66b712345c471f331ab161408f0b4ec1e986e45f6585bd,data/processed/normalized_ie_annotations/fatura/fatura_page_0113d585ea8e5e.json,e10661c87061959b7e73d907c1c3f19e3125de7c95f49dc41908a8c68f5e470b,1.0,CC-BY-4.0-Zenodo-8261508,595,841,12.0,48,invoice,tr,split_bc966078a2f3e7dc,template22,true,true,true,true,true,true,0.8154877646659139,high,medium,medium,degraded,29.696868336226643,3.8622756004333496,0,deterministic_stratified_fatura_dev_select,false
ocrbench_71030d50cf414b10,ocr-benchmark-8854b5f20deb6611,fatura_page_02d4ff4133f039,fatura_doc_bc263015c38e58,split_bc966078a2f3e7dc,fatura,invoices_dataset_final,dev_select,data/raw/public/fatura/invoices_dataset_final/images/Template22_Instance185.jpg,98b43f26689ac218a51b51014420058c28ee6ad85e5762f30dd98049a92f4445,data/processed/normalized_ie_annotations/fatura/fatura_page_02d4ff4133f039.json,f5163d197cb6a27c982d3a2ca0463e2c5af150e03a55a9d4d4766366fe455484,1.0,CC-BY-4.0-Zenodo-8261508,595,841,26.0,57,invoice,tr,split_bc966078a2f3e7dc,template22,true,true,true,true,true,true,0.9404150720930465,high,high,medium,degraded,30.02617657034989,3.8586902618408203,0,deterministic_stratified_fatura_dev_select,false
ocrbench_25d8fd4fd741f687,ocr-benchmark-8854b5f20deb6611,fatura_page_03475bc9e76590,fatura_doc_223827afd668e6,split_c372ccc2dc1037ce,fatura,invoices_dataset_final,dev_select,data/raw/public/fatura/invoices_dataset_final/images/Template32_Instance142.jpg,e57ea9fc3890bce62e9ae37c02287c64d7876c67ca084e11a394fa07ffa9b623,data/processed/normalized_ie_annotations/fatura/fatura_page_03475bc9e76590.json,490dbc6ef91d0544d8f1ab58bcdfefee2e36c2ebe7c885db89a93fd0a5002c52,1.0,CC-BY-4.0-Zenodo-8261508,595,841,26.0,60,invoice,tr,split_c372ccc2dc1037ce,template32,true,true,true,true,true,true,1.0,high,high,medium,degraded,31.638321972551978,4.246505260467529,37,deterministic_stratified_fatura_dev_select,false
ocrbench_4bf2509655d94401,ocr-benchmark-8854b5f20deb6611,fatura_page_0362851e86654f,fatura_doc_32f5e29dd51379,split_99182dd71253ff36,fatura,invoices_dataset_final,dev_select,data/raw/public/fatura/invoices_dataset_final/images/Template38_Instance3.jpg,b1439bda883fb81cc511d5ee23ab7bb8d3f05daedb5820427ce8caf28eb5b73d,data/processed/normalized_ie_annotations/fatura/fatura_page_0362851e86654f.json,618c5d9c2c46ad42af81f1f7633001b0c8b671214ae331849dc3ff895104c88a,1.0,CC-BY-4.0-Zenodo-8261508,595,841,26.0,89,invoice,tr,split_99182dd71253ff36,template38,true,true,true,true,true,true,1.0,high,high,medium,degraded,30.36591199927489,5.914098739624023,0,deterministic_stratified_fatura_dev_select,false
ocrbench_78d6be751d670270,ocr-benchmark-8854b5f20deb6611,fatura_page_0487a0f55d12a1,fatura_doc_f505911f35880f,split_75cdb402ea07f82a,fatura,invoices_dataset_final,dev_select,data/raw/public/fatura/invoices_dataset_final/images/Template10_Instance152.jpg,3f9214378ce72a4b6557eedc3838afcb73b0b4c72691fb8c75776cf89e756106,data/processed/normalized_ie_annotations/fatura/fatura_page_0487a0f55d12a1.json,cbf71b57770bded27f6415c3d2535fa42f808f0f0f81011d7368e1dec71c3ed4,1.0,CC-BY-4.0-Zenodo-8261508,595,841,22.0,71,invoice,tr,split_75cdb402ea07f82a,template10,true,true,true,true,true,true,1.0,high,medium,medium,degraded,29.1430410417659,4.830155372619629,0,deterministic_stratified_fatura_dev_select,false
ocrbench_7100be092092e4fa,ocr-benchmark-8854b5f20deb6611,fatura_page_049ba603cea571,fatura_doc_da3ea4518732fe,split_bc966078a2f3e7dc,fatura,invoices_dataset_final,dev_select,data/raw/public/fatura/invoices_dataset_final/images/Template22_Instance118.jpg,f892b1cf8196132d634b8064970051787771f31ddbd6df5e14daa1aa367b3d50,data/processed/normalized_ie_annotations/fatura/fatura_page_049ba603cea571.json,bd1344262b2bf9f863bfdf9b6fc2790f282dd336fccd2c1b21d07f3338ab93be,1.0,CC-BY-4.0-Zenodo-8261508,595,841,12.0,48,invoice,tr,split_bc966078a2f3e7dc,template22,true,true,true,true,true,true,0.8196664634938399,high,medium,medium,degraded,29.417376957674097,3.7332212924957275,0,deterministic_stratified_fatura_dev_select,false
ocrbench_cbe2091cf20c5c17,ocr-benchmark-8854b5f20deb6611,fatura_page_0526717b200c56,fatura_doc_1154c5434a6edc,split_bc966078a2f3e7dc,fatura,invoices_dataset_final,dev_select,data/raw/public/fatura/invoices_dataset_final/images/Template22_Instance90.jpg,396f52701f66139b4c4a9090c469a47659abea4009a0bcf746c3f30ed3159f89,data/processed/normalized_ie_annotations/fatura/fatura_page_0526717b200c56.json,9a646a1b5f388fe9e12a47024894da95fdc7031a8d097ca9a2a1e7cf5d218f7c,1.0,CC-BY-4.0-Zenodo-8261508,595,841,26.0,55,invoice,tr,split_bc966078a2f3e7dc,template22,true,true,true,true,true,true,1.0,high,high,medium,degraded,30.467201466995732,4.150726318359375,0,deterministic_stratified_fatura_dev_select,false
ocrbench_1d5ed4cd748b2a16,ocr-benchmark-8854b5f20deb6611,fatura_page_0590193880b88d,fatura_doc_70e3f2dd63766c,split_99182dd71253ff36,fatura,invoices_dataset_final,dev_select,data/raw/public/fatura/invoices_dataset_final/images/Template38_Instance162.jpg,972f8fe67eb71cb98bf45f8aad418e6a9636492e3ed27f2a176fd37fd94bc668,data/processed/normalized_ie_annotations/fatura/fatura_page_0590193880b88d.json,024cb6e00c9068306d5d01e6874ef37ae4f959bcb78c3045d3a78792ffda35f4,1.0,CC-BY-4.0-Zenodo-8261508,595,841,46.0,99,invoice,tr,split_99182dd71253ff36,template38,true,true,true,true,true,true,1.0,high,high,medium,degraded,30.758946562023954,6.150598049163818,37,deterministic_stratified_fatura_dev_select,false
ocrbench_e0ab659b46b0251a,ocr-benchmark-8854b5f20deb6611,fatura_page_05e302e49dfcc1,fatura_doc_7e4e8b166ef2fe,split_bc966078a2f3e7dc,fatura,invoices_dataset_final,dev_select,data/raw/public/fatura/invoices_dataset_final/images/Template22_Instance192.jpg,b781359cff6a538129c45f95a3452c4273a59f2e91beec555cbb266bf54f7d27,data/processed/normalized_ie_annotations/fatura/fatura_page_05e302e49dfcc1.json,4d396cdbeb3e5b0898552f6610ab8c4dd0db8326ccbb0befca9b03d68de09c64,1.0,CC-BY-4.0-Zenodo-8261508,595,841,26.0,55,invoice,tr,split_bc966078a2f3e7dc,template22,true,true,true,true,true,true,0.8158175041717044,high,high,medium,degraded,29.848136198893524,3.6759541034698486,0,deterministic_stratified_fatura_dev_select,false
ocrbench_e5a213d00fffcff4,ocr-benchmark-8854b5f20deb6611,fatura_page_06e02aec72975b,fatura_doc_48cf73c90e4cc7,split_bc966078a2f3e7dc,fatura,invoices_dataset_final,dev_select,data/raw/public/fatura/invoices_dataset_final/images/Template22_Instance54.jpg,b06ab896afd0df7489079370fb7df9b659621992f89f29480706fea95545051a,data/processed/normalized_ie_annotations/fatura/fatura_page_06e02aec72975b.json,571e82d40e6f0f9821d4af09c5abfe1db89b9b6276001223b56bb78baa73e8fb,1.0,CC-BY-4.0-Zenodo-8261508,595,841,26.0,52,invoice,tr,split_bc966078a2f3e7dc,template22,true,true,true,true,true,true,0.8876147843203869,high,high,medium,degraded,30.131091957457954,4.134749889373779,0,deterministic_stratified_fatura_dev_select,false
ocrbench_2b1f65093bdbd0de,ocr-benchmark-8854b5f20deb6611,fatura_page_06f7a506e11118,fatura_doc_66d519dd82dea3,split_c372ccc2dc1037ce,fatura,invoices_dataset_final,dev_select,data/raw/public/fatura/invoices_dataset_final/images/Template32_Instance54.jpg,4b5992139a9f4b16d2ea8985c35541631e060c7c3978673eae94f55ec0843787,data/processed/normalized_ie_annotations/fatura/fatura_page_06f7a506e11118.json,20231db9dd9db2c1db09e4de78ee82e3622a85d959c59c3a598ad2a2b0bd32c8,1.0,CC-BY-4.0-Zenodo-8261508,595,841,26.0,59,invoice,tr,split_c372ccc2dc1037ce,template32,true,true,true,true,true,true,0.9769402172283895,high,high,medium,degraded,31.71376630658778,4.190990924835205,0,deterministic_stratified_fatura_dev_select,false
ocrbench_345da04714142bec,ocr-benchmark-8854b5f20deb6611,fatura_page_08aed8959ce3cc,fatura_doc_7d4ca2e7443530,split_75cdb402ea07f82a,fatura,invoices_dataset_final,dev_select,data/raw/public/fatura/invoices_dataset_final/images/Template10_Instance190.jpg,bb1f8fe4fe0f94a0b2f65e8e2670c86c2d4a2328e234e758b255c945c3fc55a1,data/processed/normalized_ie_annotations/fatura/fatura_page_08aed8959ce3cc.json,47a4669110d4a2b12b33a5048a9ed09841d64ecc20060c6ce920e16328d6f90f,1.0,CC-BY-4.0-Zenodo-8261508,595,841,26.0,82,invoice,tr,split_75cdb402ea07f82a,template10,true,true,true,true,true,true,1.0,high,high,medium,degraded,30.03664955472203,5.172746181488037,37,deterministic_stratified_fatura_dev_select,false
ocrbench_1ca8ade474b651ca,ocr-benchmark-8854b5f20deb6611,fatura_page_08c20597fc7e6f,fatura_doc_a5090e992b8571,split_99182dd71253ff36,fatura,invoices_dataset_final,dev_select,data/raw/public/fatura/invoices_dataset_final/images/Template38_Instance84.jpg,a50aa1c89a03edd216eb86ea7197bbd01603353c2f288e0f42a69c6897743f11,data/processed/normalized_ie_annotations/fatura/fatura_page_08c20597fc7e6f.json,d6e012351c891ee36e1d1c3e435945465b516609b93ee919ee32a696ea9bc1d1,1.0,CC-BY-4.0-Zenodo-8261508,595,841,46.0,102,invoice,tr,split_99182dd71253ff36,template38,true,true,true,true,true,true,1.0,high,high,medium,degraded,32.66052846419142,7.2741265296936035,0,deterministic_stratified_fatura_dev_select,false
ocrbench_9ed3a891acf3e98b,ocr-benchmark-8854b5f20deb6611,fatura_page_09721d1e9bb850,fatura_doc_0a3dd70efc53b8,split_75cdb402ea07f82a,fatura,invoices_dataset_final,dev_select,data/raw/public/fatura/invoices_dataset_final/images/Template10_Instance180.jpg,190c7cde737cc8b61ad07d0f585f3896c93c2c6ba5348f283eb0f83eaa63edd0,data/processed/normalized_ie_annotations/fatura/fatura_page_09721d1e9bb850.json,66e4794fe91aec10cff2a49b8f6de8ed6cafd6e2e7c9b1ef2bd8877e2f664157,1.0,CC-BY-4.0-Zenodo-8261508,595,841,46.0,93,invoice,tr,split_75cdb402ea07f82a,template10,true,true,true,true,true,true,1.0,high,high,medium,degraded,30.011128225206694,5.219632625579834,0,deterministic_stratified_fatura_dev_select,false
ocrbench_738956069b73ebef,ocr-benchmark-8854b5f20deb6611,fatura_page_097e8ea0bad3cd,fatura_doc_0b3d2174eb5e55,split_99182dd71253ff36,fatura,invoices_dataset_final,dev_select,data/raw/public/fatura/invoices_dataset_final/images/Template38_Instance36.jpg,4fcb315225714a3722b5d7905adb657d7c5078832ce400fe30b9f470ca4bf1cb,data/processed/normalized_ie_annotations/fatura/fatura_page_097e8ea0bad3cd.json,0b2284c97f3716e6e5823e85801ccbd7b18f0a85d70aaa25ba166027e2b2c2bd,1.0,CC-BY-4.0-Zenodo-8261508,595,841,46.0,105,invoice,tr,split_99182dd71253ff36,template38,true,true,true,true,true,true,1.0,high,high,medium,degraded,32.46051724358217,7.064602851867676,0,deterministic_stratified_fatura_dev_select,false
ocrbench_c5df993ecdee9165,ocr-benchmark-8854b5f20deb6611,fatura_page_099f4dcb65174a,fatura_doc_80d06b604fc9ff,split_a4efa0cdee4a6265,fatura,invoices_dataset_final,dev_select,data/raw/public/fatura/invoices_dataset_final/images/Template15_Instance183.jpg,c175ac91d47db91e652d0a1fe4b88632754dc415b2eb6aa276eb8d6af25e4b21,data/processed/normalized_ie_annotations/fatura/fatura_page_099f4dcb65174a.json,7a1bcacef3ab1eb5b8ed145108bc10bcaf0003b3a3eb13f8fa76f1001d6452ec,1.0,CC-BY-4.0-Zenodo-8261508,595,841,26.0,48,invoice,tr,split_a4efa0cdee4a6265,template15,true,true,true,true,true,true,0.8697848699527373,high,high,medium,degraded,30.157973821326145,5.187274932861328,0,deterministic_stratified_fatura_dev_select,false
ocrbench_685a6bea71bb6e8b,ocr-benchmark-8854b5f20deb6611,fatura_page_0ac8fabf518df5,fatura_doc_12df9e66215db4,split_bc966078a2f3e7dc,fatura,invoices_dataset_final,dev_select,data/raw/public/fatura/invoices_dataset_final/images/Template22_Instance3.jpg,802af5e9c1c51e33af6a18ff54db41a1eaa74173a5ae9ad970adc59f4522d051,data/processed/normalized_ie_annotations/fatura/fatura_page_0ac8fabf518df5.json,cbbc08db778b109493aa05835ada9724c6df9f30dab53f31cb1fbfce034a01e6,1.0,CC-BY-4.0-Zenodo-8261508,595,841,26.0,52,invoice,tr,split_bc966078a2f3e7dc,template22,true,true,true,true,true,true,0.8137231587046233,high,high,medium,degraded,29.65266461971774,3.6088578701019287,0,deterministic_stratified_fatura_dev_select,false
ocrbench_3f36746bf91279b8,ocr-benchmark-8854b5f20deb6611,fatura_page_0b767c9824e947,fatura_doc_e6a34a6abddb2b,split_75cdb402ea07f82a,fatura,invoices_dataset_final,dev_select,data/raw/public/fatura/invoices_dataset_final/images/Template10_Instance158.jpg,b8b095e09f2e94ca96b714738d6bb7aeab86d715b0b5d2339c8c73eb71859ba1,data/processed/normalized_ie_annotations/fatura/fatura_page_0b767c9824e947.json,507a7ae93081547f129b00ac240f2bfafbaa6d2e1db5a52b53862a2496b467c2,1.0,CC-BY-4.0-Zenodo-8261508,595,841,46.0,90,invoice,tr,split_75cdb402ea07f82a,template10,true,true,true,true,true,true,1.0,high,high,medium,degraded,30.171341007546314,5.351020812988281,37,deterministic_stratified_fatura_dev_select,false
ocrbench_6c5f275441b12882,ocr-benchmark-8854b5f20deb6611,fatura_page_0bbe0a94319469,fatura_doc_1f32daafa7db61,split_a4efa0cdee4a6265,fatura,invoices_dataset_final,dev_select,data/raw/public/fatura/invoices_dataset_final/images/Template15_Instance170.jpg,3797332398d584d089ec585c7fd56dc5625d8f798f6d47543bc73a0474ebac38,data/processed/normalized_ie_annotations/fatura/fatura_page_0bbe0a94319469.json,5f2de03b8d7b168421fd387073cd8c94db245819cbb556f51b031e7702320e9d,1.0,CC-BY-4.0-Zenodo-8261508,595,841,26.0,50,invoice,tr,split_a4efa0cdee4a6265,template15,true,true,true,true,true,true,0.9034542711258106,high,high,medium,degraded,28.99464389897346,4.489527702331543,0,deterministic_stratified_fatura_dev_select,false
ocrbench_740f42b985fe1b83,ocr-benchmark-8854b5f20deb6611,fatura_page_0c54569ba16c7b,fatura_doc_a7d57a68f2fe34,split_bc966078a2f3e7dc,fatura,invoices_dataset_final,dev_select,data/raw/public/fatura/invoices_dataset_final/images/Template22_Instance110.jpg,2360910786f770aaf013460adca6e3b26dce97c1624b36e4df6df9f73a7ae3a6,data/processed/normalized_ie_annotations/fatura/fatura_page_0c54569ba16c7b.json,6e78cfc2927c0cb0ff5c4cbdf79b051869873d2bb74701797e15557f5216bd5b,1.0,CC-BY-4.0-Zenodo-8261508,595,841,12.0,46,invoice,tr,split_bc966078a2f3e7dc,template22,true,true,true,true,true,true,0.8003077568720711,high,medium,medium,degraded,29.367481196387423,3.5736048221588135,0,deterministic_stratified_fatura_dev_select,false
ocrbench_bd097c7cbae22582,ocr-benchmark-8854b5f20deb6611,fatura_page_0ce09b1f700787,fatura_doc_c8e312ea3cd2fa,split_75cdb402ea07f82a,fatura,invoices_dataset_final,dev_select,data/raw/public/fatura/invoices_dataset_final/images/Template10_Instance122.jpg,ad3ed1e48f4100d0ad7b08e20ffe23497a88eac7745d1dec76e103a3d4342f5d,data/processed/normalized_ie_annotations/fatura/fatura_page_0ce09b1f700787.json,7088cb212c48fc5b53ac55758f1449e23d0a300bec6d7f00081c6ba035b72a16,1.0,CC-BY-4.0-Zenodo-8261508,595,841,26.0,72,invoice,tr,split_75cdb402ea07f82a,template10,true,true,true,true,true,true,1.0,high,high,medium,degraded,28.84790270868327,4.548883438110352,37,deterministic_stratified_fatura_dev_select,false
ocrbench_425f920283146adc,ocr-benchmark-8854b5f20deb6611,fatura_page_0ead993a19c3a9,fatura_doc_3df9f0b6e0fc0f,split_75cdb402ea07f82a,fatura,invoices_dataset_final,dev_select,data/raw/public/fatura/invoices_dataset_final/images/Template10_Instance6.jpg,ba09c03dd0f9550298a369cfd6df2ff9fb2dffc41ec9a3ddee713d8bb9bb4562,data/processed/normalized_ie_annotations/fatura/fatura_page_0ead993a19c3a9.json,6c404e44e474314fa3b19ed6554b6c6ff962e6ae2dec606546a8658518b8764b,1.0,CC-BY-4.0-Zenodo-8261508,595,841,46.0,88,invoice,tr,split_75cdb402ea07f82a,template10,true,true,true,true,true,true,1.0,high,high,medium,degraded,30.05193292454595,5.328319072723389,0,deterministic_stratified_fatura_dev_select,false
ocrbench_6e8969c08fa85372,ocr-benchmark-8854b5f20deb6611,fatura_page_0f78d619952738,fatura_doc_02bcc0a3574573,split_bc966078a2f3e7dc,fatura,invoices_dataset_final,dev_select,data/raw/public/fatura/invoices_dataset_final/images/Template22_Instance148.jpg,9befa5fedfad68ed5ddae5a996049ca51c406d2af8f9ecebdb1b70c765963dad,data/processed/normalized_ie_annotations/fatura/fatura_page_0f78d619952738.json,1daa42da09c4d7171bc903a0dfa1a733797b8f71a22454a7d0807ae7f7d05c6a,1.0,CC-BY-4.0-Zenodo-8261508,595,841,26.0,50,invoice,tr,split_bc966078a2f3e7dc,template22,true,true,true,true,true,true,0.8138110892395007,high,high,medium,degraded,29.401213220315444,3.511795997619629,37,deterministic_stratified_fatura_dev_select,false
ocrbench_4010589fa4ce2af1,ocr-benchmark-8854b5f20deb6611,fatura_page_10c356dab32e7d,fatura_doc_4a2c3b78d5a4b8,split_75cdb402ea07f82a,fatura,invoices_dataset_final,dev_select,data/raw/public/fatura/invoices_dataset_final/images/Template10_Instance35.jpg,15fd1271d1c7b9d0e5a663227040ef93bc12e83fbffe88dfb420128fefbf2817,data/processed/normalized_ie_annotations/fatura/fatura_page_10c356dab32e7d.json,189be2ebd7bd3f46c67208f9159b1d0f8d0106a074a59a3cb1e9b0dcf4f4ffe5,1.0,CC-BY-4.0-Zenodo-8261508,595,841,46.0,92,invoice,tr,split_75cdb402ea07f82a,template10,true,true,true,true,true,true,1.0,high,high,medium,degraded,29.956693877674564,5.184648513793945,37,deterministic_stratified_fatura_dev_select,false
ocrbench_dd34cbc24fc13ed0,ocr-benchmark-8854b5f20deb6611,fatura_page_1130f21fa057b3,fatura_doc_c73895126cb7f6,split_99182dd71253ff36,fatura,invoices_dataset_final,dev_select,data/raw/public/fatura/invoices_dataset_final/images/Template38_Instance165.jpg,cb96b1f0ad34ee3fb18f628c53d39f96c1ab6fde2a010df3cadfaeac8ef55950,data/processed/normalized_ie_annotations/fatura/fatura_page_1130f21fa057b3.json,cd72eafb50e0e090a797098452d42b1a640f21ca2c673b88409fb68bde92bba4,1.0,CC-BY-4.0-Zenodo-8261508,595,841,46.0,103,invoice,tr,split_99182dd71253ff36,template38,true,true,true,true,true,true,1.0,high,high,medium,degraded,30.741869335794824,5.953092575073242,0,deterministic_stratified_fatura_dev_select,false
ocrbench_1eb47ee35867d9d9,ocr-benchmark-8854b5f20deb6611,fatura_page_139136e386d5a2,fatura_doc_23a08d5a198c1d,split_bc966078a2f3e7dc,fatura,invoices_dataset_final,dev_select,data/raw/public/fatura/invoices_dataset_final/images/Template22_Instance65.jpg,7e3575a9020cb01decf4e3e380abcac9af760d9aa318faecff8cf16532c82587,data/processed/normalized_ie_annotations/fatura/fatura_page_139136e386d5a2.json,3cbae93ffe4b76ce9771bb180396aef864c1816fe6290536e909a8a7dbf1e4e6,1.0,CC-BY-4.0-Zenodo-8261508,595,841,12.0,46,invoice,tr,split_bc966078a2f3e7dc,template22,true,true,true,true,true,true,0.6546828005875358,high,medium,medium,degraded,28.789911243575464,3.284148931503296,0,deterministic_stratified_fatura_dev_select,false
ocrbench_cd7afd04727c5e1e,ocr-benchmark-8854b5f20deb6611,fatura_page_1466e5d1a0161f,fatura_doc_9dc66caf49ebd6,split_c372ccc2dc1037ce,fatura,invoices_dataset_final,dev_select,data/raw/public/fatura/invoices_dataset_final/images/Template32_Instance109.jpg,c617e3d8030b7f3d80a322c3399a023b07b8513fb1d84dfd253eb83df22910b4,data/processed/normalized_ie_annotations/fatura/fatura_page_1466e5d1a0161f.json,2e54d41305437b627515e3e48eb84c7ae6b8d63ee7f8a3e7f4ad995c2d00fd63,1.0,CC-BY-4.0-Zenodo-8261508,595,841,26.0,61,invoice,tr,split_c372ccc2dc1037ce,template32,true,true,true,true,true,true,1.0,high,high,medium,degraded,32.342431742067326,4.778291702270508,0,deterministic_stratified_fatura_dev_select,false
ocrbench_82852b14929c2d7b,ocr-benchmark-8854b5f20deb6611,fatura_page_1493e515eb40e4,fatura_doc_a661667e51376c,split_a4efa0cdee4a6265,fatura,invoices_dataset_final,dev_select,data/raw/public/fatura/invoices_dataset_final/images/Template15_Instance171.jpg,01047d6babea28428cb4111a26c9c0302fc5e8a3c9c73d47f53bbfe1d940208b,data/processed/normalized_ie_annotations/fatura/fatura_page_1493e515eb40e4.json,a548a8e6755a74320378af6915fabcd1a59fd9e4be75559feb359531f3c64af9,1.0,CC-BY-4.0-Zenodo-8261508,595,841,26.0,50,invoice,tr,split_a4efa0cdee4a6265,template15,true,true,true,true,true,true,0.9028787258066128,high,high,medium,degraded,28.837495203480312,4.470715522766113,0,deterministic_stratified_fatura_dev_select,false
ocrbench_4240e5b7cd0708b4,ocr-benchmark-8854b5f20deb6611,fatura_page_14ead8391aa729,fatura_doc_1b193777233422,split_bc966078a2f3e7dc,fatura,invoices_dataset_final,dev_select,data/raw/public/fatura/invoices_dataset_final/images/Template22_Instance124.jpg,9822e51afaeaac7578e7d78fd2d9672f24c72f177759798c4c3ed1482fb8a7b8,data/processed/normalized_ie_annotations/fatura/fatura_page_14ead8391aa729.json,6aa1f0e81d414cb492d3900b28cc2fba7d552f9e3d102dad3bdf40f5a543055d,1.0,CC-BY-4.0-Zenodo-8261508,595,841,12.0,49,invoice,tr,split_bc966078a2f3e7dc,template22,true,true,true,true,true,true,0.8586176920233016,high,medium,medium,degraded,29.731545921747106,3.91475248336792,0,deterministic_stratified_fatura_dev_select,false
ocrbench_724517663490b966,ocr-benchmark-8854b5f20deb6611,fatura_page_154f81c309e270,fatura_doc_9da55dee4e7de7,split_bc966078a2f3e7dc,fatura,invoices_dataset_final,dev_select,data/raw/public/fatura/invoices_dataset_final/images/Template22_Instance169.jpg,c50b0b559f9787dd91963dd4783894539d29584281e5863b4f99c38e8ddbd449,data/processed/normalized_ie_annotations/fatura/fatura_page_154f81c309e270.json,beaae5cb95bcf4fafa8112e2719680a45e159a3b88074807c3c1c18afe038c4e,1.0,CC-BY-4.0-Zenodo-8261508,595,841,12.0,51,invoice,tr,split_bc966078a2f3e7dc,template22,true,true,true,true,true,true,0.8611916585897141,high,medium,medium,degraded,29.416449809700897,3.5580878257751465,0,deterministic_stratified_fatura_dev_select,false
ocrbench_29460de33969d2f5,ocr-benchmark-8854b5f20deb6611,fatura_page_1598dc1e1b308f,fatura_doc_4d573dca24fc87,split_75cdb402ea07f82a,fatura,invoices_dataset_final,dev_select,data/raw/public/fatura/invoices_dataset_final/images/Template10_Instance85.jpg,49d6813143c3fb740684ab02d93b4d6a1b4358504b93f460fadf155cb233c5c5,data/processed/normalized_ie_annotations/fatura/fatura_page_1598dc1e1b308f.json,121d6eee24e70b462644b632953fc968e97ecac98643f8664c0780a19bb8bf4f,1.0,CC-BY-4.0-Zenodo-8261508,595,841,22.0,71,invoice,tr,split_75cdb402ea07f82a,template10,true,true,true,true,true,true,1.0,high,medium,medium,degraded,28.721058483877787,4.628464698791504,0,deterministic_stratified_fatura_dev_select,false
ocrbench_009bd0a64f2fde6b,ocr-benchmark-8854b5f20deb6611,fatura_page_170df802665e3d,fatura_doc_0cf88117489bb7,split_bc966078a2f3e7dc,fatura,invoices_dataset_final,dev_select,data/raw/public/fatura/invoices_dataset_final/images/Template22_Instance174.jpg,2c64193d568278d05560cf619dcfb2e88f4f918756419aeab6e26fae818bf865,data/processed/normalized_ie_annotations/fatura/fatura_page_170df802665e3d.json,50845a342f25ada83e739f257e11e65cbf0a7ea76c5739346bc1b078c37002af,1.0,CC-BY-4.0-Zenodo-8261508,595,841,12.0,49,invoice,tr,split_bc966078a2f3e7dc,template22,true,true,true,true,true,true,0.8788097403051589,high,medium,medium,degraded,29.374534336842412,3.7327985763549805,0,deterministic_stratified_fatura_dev_select,false
ocrbench_5e399b97b7863ef3,ocr-benchmark-8854b5f20deb6611,fatura_page_176847c285d305,fatura_doc_007952bae66c12,split_a4efa0cdee4a6265,fatura,invoices_dataset_final,dev_select,data/raw/public/fatura/invoices_dataset_final/images/Template15_Instance44.jpg,4eef93868f9613b71404e5ab67c89d288121fddebbd070feb3ef6d80775135ef,data/processed/normalized_ie_annotations/fatura/fatura_page_176847c285d305.json,7e5408c640d693831617f87c87518b4fb569ea9f24dbb288f4c6656584168085,1.0,CC-BY-4.0-Zenodo-8261508,595,841,26.0,49,invoice,tr,split_a4efa0cdee4a6265,template15,true,true,true,true,true,true,0.8285374554102259,high,high,medium,degraded,28.543431793246683,4.307345867156982,0,deterministic_stratified_fatura_dev_select,false
ocrbench_f6bd10fe3eefbbb1,ocr-benchmark-8854b5f20deb6611,fatura_page_17b5e2eed754b9,fatura_doc_56aace801537f1,split_99182dd71253ff36,fatura,invoices_dataset_final,dev_select,data/raw/public/fatura/invoices_dataset_final/images/Template38_Instance163.jpg,81fe7a5639c81c8647d2b1f2f65d9f35eeeafc8280ed17ed8a77221d068e3a6e,data/processed/normalized_ie_annotations/fatura/fatura_page_17b5e2eed754b9.json,7598b702077711e8c0c5368b3eeea2655f08c4f8ca38e787658383501ede7400,1.0,CC-BY-4.0-Zenodo-8261508,595,841,46.0,99,invoice,tr,split_99182dd71253ff36,template38,true,true,true,true,true,true,1.0,high,high,medium,degraded,30.766027922191682,6.117122650146484,0,deterministic_stratified_fatura_dev_select,false
ocrbench_c0212206131316c6,ocr-benchmark-8854b5f20deb6611,fatura_page_17fe219705524c,fatura_doc_5b475d58bc4c1c,split_75cdb402ea07f82a,fatura,invoices_dataset_final,dev_select,data/raw/public/fatura/invoices_dataset_final/images/Template10_Instance80.jpg,ed2ea0508fd247b974afe8e89b64d7abb2d846b64f4b7c98b6b2618c79b9678c,data/processed/normalized_ie_annotations/fatura/fatura_page_17fe219705524c.json,d273429408c587c7efe404a2a74b1727e09e25b9a9834deb32b868850a610349,1.0,CC-BY-4.0-Zenodo-8261508,595,841,46.0,91,invoice,tr,split_75cdb402ea07f82a,template10,true,true,true,true,true,true,1.0,high,high,medium,degraded,30.289603673420196,5.524583339691162,37,deterministic_stratified_fatura_dev_select,false
ocrbench_1abb71c2e5f0bcb3,ocr-benchmark-8854b5f20deb6611,fatura_page_18e3cf8d38cb25,fatura_doc_6ef9d4a0f1b76a,split_a4efa0cdee4a6265,fatura,invoices_dataset_final,dev_select,data/raw/public/fatura/invoices_dataset_final/images/Template15_Instance42.jpg,b0280e030c377f84ae1e8242af82423824e9e7933074acf60fe6e6f5e984399d,data/processed/normalized_ie_annotations/fatura/fatura_page_18e3cf8d38cb25.json,81cdadac9dac874eff60a55ba665ca7fb5a7ff320a73b862e22112fd6815ecd5,1.0,CC-BY-4.0-Zenodo-8261508,595,841,26.0,51,invoice,tr,split_a4efa0cdee4a6265,template15,true,true,true,true,true,true,0.9716324103957873,high,high,medium,degraded,29.262110733568814,4.511532306671143,37,deterministic_stratified_fatura_dev_select,false
ocrbench_60ea0d9b2e8b7379,ocr-benchmark-8854b5f20deb6611,fatura_page_1a53e32f8953fc,fatura_doc_b68ae05cae3c31,split_c372ccc2dc1037ce,fatura,invoices_dataset_final,dev_select,data/raw/public/fatura/invoices_dataset_final/images/Template32_Instance88.jpg,cd7c0c9298a9d2f14b35580507cbac4bce06e43792b6d9e02ba38519b3cd5bc5,data/processed/normalized_ie_annotations/fatura/fatura_page_1a53e32f8953fc.json,d33ea535ef91d7177d8397aac2ee1943e4aa34caaec8ef1ee64aa7769d55cf4c,1.0,CC-BY-4.0-Zenodo-8261508,595,841,26.0,49,invoice,tr,split_c372ccc2dc1037ce,template32,true,true,true,true,true,true,0.9591462744431899,high,high,medium,degraded,31.469947312561832,4.362299919128418,0,deterministic_stratified_fatura_dev_select,false
ocrbench_a1bad3e3a927171d,ocr-benchmark-8854b5f20deb6611,fatura_page_1b5d161be14eba,fatura_doc_78626aa7f2b8f6,split_75cdb402ea07f82a,fatura,invoices_dataset_final,dev_select,data/raw/public/fatura/invoices_dataset_final/images/Template10_Instance199.jpg,df88422d074ae36331657831a0cb063911f06635a15ea224641d3ac64b2df06e,data/processed/normalized_ie_annotations/fatura/fatura_page_1b5d161be14eba.json,13e49fbd62bebd43e400a03ed1a48e833569330d5b60e8cbe2b4d76d741d738f,1.0,CC-BY-4.0-Zenodo-8261508,595,841,22.0,70,invoice,tr,split_75cdb402ea07f82a,template10,true,true,true,true,true,true,1.0,high,medium,medium,degraded,29.278153669283228,5.00750732421875,37,deterministic_stratified_fatura_dev_select,false
ocrbench_7c3865d7c671ec91,ocr-benchmark-8854b5f20deb6611,fatura_page_1c8d3a3b9bc6f0,fatura_doc_5b6bc1f4d0cdc5,split_bc966078a2f3e7dc,fatura,invoices_dataset_final,dev_select,data/raw/public/fatura/invoices_dataset_final/images/Template22_Instance197.jpg,15e9736e42ccd0490346f66036a1646d4c376c984f3f6b19b1971fced697dc2b,data/processed/normalized_ie_annotations/fatura/fatura_page_1c8d3a3b9bc6f0.json,c0e3774e72a23252b886f713c5f36e9dd0ba695fd8c164c2ad3f676c87bc1257,1.0,CC-BY-4.0-Zenodo-8261508,595,841,12.0,46,invoice,tr,split_bc966078a2f3e7dc,template22,true,true,true,true,true,true,0.7893004526424124,high,medium,medium,degraded,28.979566092215872,3.414829969406128,0,deterministic_stratified_fatura_dev_select,false
ocrbench_e2a609aef16da14a,ocr-benchmark-8854b5f20deb6611,fatura_page_1d45ccd55c7f50,fatura_doc_15ff847bb32ef6,split_99182dd71253ff36,fatura,invoices_dataset_final,dev_select,data/raw/public/fatura/invoices_dataset_final/images/Template38_Instance110.jpg,7ae7aae6e2e501c034b0292f42557c4c84bbf5edef42cfcdcdbfbfb73f9bfc57,data/processed/normalized_ie_annotations/fatura/fatura_page_1d45ccd55c7f50.json,11693e17f0296c3b121b0329f881809fb310a0c7fab407f63f5369f62ee0fbe8,1.0,CC-BY-4.0-Zenodo-8261508,595,841,26.0,84,invoice,tr,split_99182dd71253ff36,template38,true,true,true,true,true,true,1.0,high,high,medium,degraded,30.890485241338173,6.3060431480407715,0,deterministic_stratified_fatura_dev_select,false
ocrbench_ee9871b59834f87e,ocr-benchmark-8854b5f20deb6611,fatura_page_1d6464952a7237,fatura_doc_3ad6525679c78c,split_75cdb402ea07f82a,fatura,invoices_dataset_final,dev_select,data/raw/public/fatura/invoices_dataset_final/images/Template10_Instance110.jpg,c1fde4917205170533fc02e9f3a70ab10ca7cece5669f8aa5a7ce3f1d5f4f579,data/processed/normalized_ie_annotations/fatura/fatura_page_1d6464952a7237.json,d773ef104098b55469fae7b12135d29395d8b9122ef5b02faaa65885c4771ae4,1.0,CC-BY-4.0-Zenodo-8261508,595,841,22.0,71,invoice,tr,split_75cdb402ea07f82a,template10,true,true,true,true,true,true,1.0,high,medium,medium,degraded,29.42249265857923,5.034688472747803,37,deterministic_stratified_fatura_dev_select,false
ocrbench_65063b6b53e856d2,ocr-benchmark-8854b5f20deb6611,fatura_page_1dfe3c6a7b8a3e,fatura_doc_5949691425de3a,split_a4efa0cdee4a6265,fatura,invoices_dataset_final,dev_select,data/raw/public/fatura/invoices_dataset_final/images/Template15_Instance32.jpg,f4aaadf53155ed2d74c3092af258993a19a15f0f911f29d7a1b0487061152f7d,data/processed/normalized_ie_annotations/fatura/fatura_page_1dfe3c6a7b8a3e.json,27a53457c7fecef4992d1d94e79261c5beb0db7bb51fd2e633a43b767c647d66,1.0,CC-BY-4.0-Zenodo-8261508,595,841,26.0,50,invoice,tr,split_a4efa0cdee4a6265,template15,true,true,true,true,true,true,0.9056365471277691,high,high,medium,degraded,29.290469382670857,4.864081382751465,0,deterministic_stratified_fatura_dev_select,false
ocrbench_4f05be70712d4752,ocr-benchmark-8854b5f20deb6611,fatura_page_1f5839e77ca1d9,fatura_doc_34428b013c86e9,split_c372ccc2dc1037ce,fatura,invoices_dataset_final,dev_select,data/raw/public/fatura/invoices_dataset_final/images/Template32_Instance15.jpg,7001cee0ca1c71d0fa165ec8ebf597514bd7eb97c1106894420395673947e6e3,data/processed/normalized_ie_annotations/fatura/fatura_page_1f5839e77ca1d9.json,fa359fd1a3f0403ca594e83fa53cef273b5e4028e5a3c625b39ece04808c273e,1.0,CC-BY-4.0-Zenodo-8261508,595,841,26.0,49,invoice,tr,split_c372ccc2dc1037ce,template32,true,true,true,true,true,true,0.7688326222284395,high,high,medium,degraded,30.90705405523894,3.949904441833496,37,deterministic_stratified_fatura_dev_select,false
ocrbench_8661a79739a31966,ocr-benchmark-8854b5f20deb6611,fatura_page_1f9dd85a3aade5,fatura_doc_20eca5435a79d0,split_99182dd71253ff36,fatura,invoices_dataset_final,dev_select,data/raw/public/fatura/invoices_dataset_final/images/Template38_Instance117.jpg,186128ad2b91d57f1aefa58766f2b81c1ba5b4476d956622dc676ca1c2893255,data/processed/normalized_ie_annotations/fatura/fatura_page_1f9dd85a3aade5.json,47cb750fda109d633988835679feaba1bd40d39aafb2917e84968285a90a6c1b,1.0,CC-BY-4.0-Zenodo-8261508,595,841,46.0,101,invoice,tr,split_99182dd71253ff36,template38,true,true,true,true,true,true,1.0,high,high,medium,degraded,31.14143743393626,6.068887710571289,0,deterministic_stratified_fatura_dev_select,false
ocrbench_ddecfa80d4fafb25,ocr-benchmark-8854b5f20deb6611,fatura_page_207b8bf34e2d68,fatura_doc_4b6847507d09d7,split_bc966078a2f3e7dc,fatura,invoices_dataset_final,dev_select,data/raw/public/fatura/invoices_dataset_final/images/Template22_Instance147.jpg,1d7e8082b954ee26907f0daa0b0642d008febc81db99f88559abe9414fd09f11,data/processed/normalized_ie_annotations/fatura/fatura_page_207b8bf34e2d68.json,e0a360de3491c38d90426386fc4eccdfe129843c5028a2e1dc8800f1d2722108,1.0,CC-BY-4.0-Zenodo-8261508,595,841,26.0,58,invoice,tr,split_bc966078a2f3e7dc,template22,true,true,true,true,true,true,0.8955325293018516,high,high,medium,degraded,29.96475410725767,3.728019952774048,0,deterministic_stratified_fatura_dev_select,false
ocrbench_b54b0e8fe54a86be,ocr-benchmark-8854b5f20deb6611,fatura_page_22fe6c6334f769,fatura_doc_e5b1b3a5d9a093,split_99182dd71253ff36,fatura,invoices_dataset_final,dev_select,data/raw/public/fatura/invoices_dataset_final/images/Template38_Instance67.jpg,10059f2746b3a70b3fc943423d35cbaed66e759a53287b7be5d51b54429076ad,data/processed/normalized_ie_annotations/fatura/fatura_page_22fe6c6334f769.json,7a134b235ab194a6a344a106e90eaf2ba1aa857f075706e22c34b010b1ff6c9f,1.0,CC-BY-4.0-Zenodo-8261508,595,841,26.0,89,invoice,tr,split_99182dd71253ff36,template38,true,true,true,true,true,true,1.0,high,high,medium,degraded,30.834439828481653,5.819901466369629,0,deterministic_stratified_fatura_dev_select,false
ocrbench_e1cf999405952d19,ocr-benchmark-8854b5f20deb6611,fatura_page_233ce1ec61944d,fatura_doc_7151ab7480d5ba,split_bc966078a2f3e7dc,fatura,invoices_dataset_final,dev_select,data/raw/public/fatura/invoices_dataset_final/images/Template22_Instance30.jpg,ac84d7d3b792a9248a45d7df667c6ce9bea177b4f93d1e36ba4fbb222ee638a5,data/processed/normalized_ie_annotations/fatura/fatura_page_233ce1ec61944d.json,ae1b22dbc2d396a8aa7aa3d3693084eb587f8c3a87c08a3f8492ef0c1a9d8056,1.0,CC-BY-4.0-Zenodo-8261508,595,841,26.0,57,invoice,tr,split_bc966078a2f3e7dc,template22,true,true,true,true,true,true,0.8305238861299573,high,high,medium,degraded,29.54238296768153,3.574199676513672,0,deterministic_stratified_fatura_dev_select,false
ocrbench_659e1f0432cfc6f1,ocr-benchmark-8854b5f20deb6611,fatura_page_233e40dc6b971c,fatura_doc_ff095d5ed5c958,split_75cdb402ea07f82a,fatura,invoices_dataset_final,dev_select,data/raw/public/fatura/invoices_dataset_final/images/Template10_Instance1.jpg,42b9c0a4a7a4c0dd2ab69fff1362cb168780cbe76d287552c8954ac797d59f45,data/processed/normalized_ie_annotations/fatura/fatura_page_233e40dc6b971c.json,fcaa0f5eaa86aabdfd0b5ab94b62c797401018e33717282478ac9aa83d8994df,1.0,CC-BY-4.0-Zenodo-8261508,595,841,26.0,75,invoice,tr,split_75cdb402ea07f82a,template10,true,true,true,true,true,true,1.0,high,high,medium,degraded,29.285742203060266,4.81614875793457,0,deterministic_stratified_fatura_dev_select,false
ocrbench_bfd0a026954fb2ed,ocr-benchmark-8854b5f20deb6611,fatura_page_237fad0300c3d1,fatura_doc_ee982d23fbfc7a,split_bc966078a2f3e7dc,fatura,invoices_dataset_final,dev_select,data/raw/public/fatura/invoices_dataset_final/images/Template22_Instance16.jpg,ddd1a387ae8f846395a378fe35a489ba72b1177b6e91ae662a35daaed1710488,data/processed/normalized_ie_annotations/fatura/fatura_page_237fad0300c3d1.json,41bb231beec19a7f953466b837cd1dbd54693c05678918d2c76c00edf313b216,1.0,CC-BY-4.0-Zenodo-8261508,595,841,12.0,49,invoice,tr,split_bc966078a2f3e7dc,template22,true,true,true,true,true,true,0.8086191908392371,high,medium,medium,degraded,29.759495270855993,3.8515355587005615,0,deterministic_stratified_fatura_dev_select,false
ocrbench_11f4994884b41dfe,ocr-benchmark-8854b5f20deb6611,fatura_page_23f6db58ed87bf,fatura_doc_17eaa1069dfe4b,split_bc966078a2f3e7dc,fatura,invoices_dataset_final,dev_select,data/raw/public/fatura/invoices_dataset_final/images/Template22_Instance64.jpg,52175bfa6b2868fb566cd148a4004b6f947b737b307f38ed14973f1789861bb5,data/processed/normalized_ie_annotations/fatura/fatura_page_23f6db58ed87bf.json,9e1af4e74f7622eb490b976f31a930c043fa4ba945f649bf3f9e616d847d0352,1.0,CC-BY-4.0-Zenodo-8261508,595,841,12.0,46,invoice,tr,split_bc966078a2f3e7dc,template22,true,true,true,true,true,true,0.8523706272045084,high,medium,medium,degraded,29.484736010663166,3.915256977081299,0,deterministic_stratified_fatura_dev_select,false
ocrbench_f6836be2c18b1846,ocr-benchmark-8854b5f20deb6611,fatura_page_23ffb9d69e68ee,fatura_doc_47f4c932a867ba,split_bc966078a2f3e7dc,fatura,invoices_dataset_final,dev_select,data/raw/public/fatura/invoices_dataset_final/images/Template22_Instance131.jpg,0babcdc4c542e86a73ab02d6a649ae9b602bf0c2208e0bc0287f07b706748750,data/processed/normalized_ie_annotations/fatura/fatura_page_23ffb9d69e68ee.json,8e30a8529d8d9bf3db8f0b552d43cd17687210516b85f2fdacfe49bceaaeb9ea,1.0,CC-BY-4.0-Zenodo-8261508,595,841,26.0,57,invoice,tr,split_bc966078a2f3e7dc,template22,true,true,true,true,true,true,0.981914287712707,high,high,medium,degraded,30.140981707551965,3.8359365463256836,0,deterministic_stratified_fatura_dev_select,false
ocrbench_cf14e965e7dd4084,ocr-benchmark-8854b5f20deb6611,fatura_page_24d5d0c4cf0d57,fatura_doc_e56bd442018623,split_bc966078a2f3e7dc,fatura,invoices_dataset_final,dev_select,data/raw/public/fatura/invoices_dataset_final/images/Template22_Instance4.jpg,13838b075fa76d735649d9a2700b3cbf6bbb389c6d996cf00f881646d0a3ccb4,data/processed/normalized_ie_annotations/fatura/fatura_page_24d5d0c4cf0d57.json,f66c72a986b646470e3c258f10b927148e0af52a14f015c6c96ae3d7941c4ddc,1.0,CC-BY-4.0-Zenodo-8261508,595,841,26.0,52,invoice,tr,split_bc966078a2f3e7dc,template22,true,true,true,true,true,true,0.9218557339701635,high,high,medium,degraded,29.963154576563664,4.073841094970703,0,deterministic_stratified_fatura_dev_select,false
ocrbench_d967af34d2598494,ocr-benchmark-8854b5f20deb6611,fatura_page_26227afe70d31a,fatura_doc_2757c542c71713,split_a4efa0cdee4a6265,fatura,invoices_dataset_final,dev_select,data/raw/public/fatura/invoices_dataset_final/images/Template15_Instance181.jpg,55a0f7b65fe9336670a79942c6ed36a5fd9920e48d2da36ff397feb538c3f93d,data/processed/normalized_ie_annotations/fatura/fatura_page_26227afe70d31a.json,958ea0f93d0ae2a4c521bad6851867d12ed86b7fe74922471c833975a0e50c03,1.0,CC-BY-4.0-Zenodo-8261508,595,841,26.0,49,invoice,tr,split_a4efa0cdee4a6265,template15,true,true,true,true,true,true,0.8267388762877327,high,high,medium,degraded,28.57183597714437,4.358540058135986,0,deterministic_stratified_fatura_dev_select,false
ocrbench_c5128a452f6803f2,ocr-benchmark-8854b5f20deb6611,fatura_page_27c47c25caca26,fatura_doc_3b20632a055195,split_75cdb402ea07f82a,fatura,invoices_dataset_final,dev_select,data/raw/public/fatura/invoices_dataset_final/images/Template10_Instance74.jpg,6e7336919b6adb97f991da66aa60fd00fc7b2a75765f034b1c498ba9879153f5,data/processed/normalized_ie_annotations/fatura/fatura_page_27c47c25caca26.json,0eef37e9df6ee67a92d2e156eb5e2cc8649c95b7e77e6743b6470ce06e109a45,1.0,CC-BY-4.0-Zenodo-8261508,595,841,26.0,73,invoice,tr,split_75cdb402ea07f82a,template10,true,true,true,true,true,true,1.0,high,high,medium,degraded,28.88195121764916,4.62049674987793,0,deterministic_stratified_fatura_dev_select,false
ocrbench_e792d24c545808a1,ocr-benchmark-8854b5f20deb6611,fatura_page_2889d668de59fd,fatura_doc_1bdcce18c676c9,split_75cdb402ea07f82a,fatura,invoices_dataset_final,dev_select,data/raw/public/fatura/invoices_dataset_final/images/Template10_Instance41.jpg,ef5a9d09292b4bfe63640614264ae13ea5274dafc9323828498b15dbe004af4c,data/processed/normalized_ie_annotations/fatura/fatura_page_2889d668de59fd.json,93f98c5eee206b661c5dd0c27478fb431705ce6a734a961883286722f0cab716,1.0,CC-BY-4.0-Zenodo-8261508,595,841,22.0,70,invoice,tr,split_75cdb402ea07f82a,template10,true,true,true,true,true,true,1.0,high,medium,medium,degraded,28.59930605565371,4.525986194610596,0,deterministic_stratified_fatura_dev_select,false
ocrbench_0f6053ee07ea25d6,ocr-benchmark-8854b5f20deb6611,fatura_page_292df65bc74c5d,fatura_doc_3f9f01e6ebc058,split_75cdb402ea07f82a,fatura,invoices_dataset_final,dev_select,data/raw/public/fatura/invoices_dataset_final/images/Template10_Instance172.jpg,43a7f5600a6f623cb7b7823196d260c1de9969f6262a8d9a053eaee129b8c377,data/processed/normalized_ie_annotations/fatura/fatura_page_292df65bc74c5d.json,c8bc16d6462320e53636092f344e55a5e3749f13ec40871cf35e88b01e76cf1c,1.0,CC-BY-4.0-Zenodo-8261508,595,841,22.0,68,invoice,tr,split_75cdb402ea07f82a,template10,true,true,true,true,true,true,1.0,high,medium,medium,degraded,29.002060300453156,4.888018608093262,37,deterministic_stratified_fatura_dev_select,false
ocrbench_e65ae92bfc497cc4,ocr-benchmark-8854b5f20deb6611,fatura_page_29bfb660be058b,fatura_doc_5621c9c1cb457c,split_a4efa0cdee4a6265,fatura,invoices_dataset_final,dev_select,data/raw/public/fatura/invoices_dataset_final/images/Template15_Instance47.jpg,7192ffced2fa270c482e5c497289080d69721521ea197f8502d9f8eb1dcc84de,data/processed/normalized_ie_annotations/fatura/fatura_page_29bfb660be058b.json,b6cd91be55e64decefc73487f4ef6bd310da291389ec3346956a4a8140d46231,1.0,CC-BY-4.0-Zenodo-8261508,595,841,26.0,52,invoice,tr,split_a4efa0cdee4a6265,template15,true,true,true,true,true,true,0.9540063349953537,high,high,medium,degraded,30.027160960725027,5.012989044189453,0,deterministic_stratified_fatura_dev_select,false
ocrbench_b107e447b98db0a3,ocr-benchmark-8854b5f20deb6611,fatura_page_2a54f2163df299,fatura_doc_5dfad37d768ce5,split_75cdb402ea07f82a,fatura,invoices_dataset_final,dev_select,data/raw/public/fatura/invoices_dataset_final/images/Template10_Instance26.jpg,e18ca9f56eef961237358ca5164dd6a3de40429a815c6a223e42ef2ef777ee60,data/processed/normalized_ie_annotations/fatura/fatura_page_2a54f2163df299.json,a85fc6191d1782323d531ef25f740bf9516ed973a12714b7f0ff86ec9e6c7f3e,1.0,CC-BY-4.0-Zenodo-8261508,595,841,22.0,72,invoice,tr,split_75cdb402ea07f82a,template10,true,true,true,true,true,true,1.0,high,medium,medium,degraded,29.172241958315222,4.863099575042725,0,deterministic_stratified_fatura_dev_select,false
ocrbench_d74773d40406eeac,ocr-benchmark-8854b5f20deb6611,fatura_page_2b7d51fd4872a7,fatura_doc_2250d9b88c972f,split_bc966078a2f3e7dc,fatura,invoices_dataset_final,dev_select,data/raw/public/fatura/invoices_dataset_final/images/Template22_Instance55.jpg,2d05422dde82322794dc83672790eaa18e59197fc8201a2cb6136fb33977b4cf,data/processed/normalized_ie_annotations/fatura/fatura_page_2b7d51fd4872a7.json,8eb6cf6dd3887b138f5978884502ed98dbcb2bd6605125d17afe62426107540f,1.0,CC-BY-4.0-Zenodo-8261508,595,841,26.0,58,invoice,tr,split_bc966078a2f3e7dc,template22,true,true,true,true,true,true,1.0,high,high,medium,degraded,30.82333540457549,4.4577717781066895,0,deterministic_stratified_fatura_dev_select,false
ocrbench_6f6e6824a2d04feb,ocr-benchmark-8854b5f20deb6611,fatura_page_2c4f0ab31fc910,fatura_doc_09e5a71953479d,split_c372ccc2dc1037ce,fatura,invoices_dataset_final,dev_select,data/raw/public/fatura/invoices_dataset_final/images/Template32_Instance139.jpg,5c79b05fbfb1f3629c5207631f67e2fc7da6510d2f09f98c16202806283f2f80,data/processed/normalized_ie_annotations/fatura/fatura_page_2c4f0ab31fc910.json,99e18a4fe337ed82623981ef1e8381e820a512db825b6a86ff6bdbad809eb8b0,1.0,CC-BY-4.0-Zenodo-8261508,595,841,26.0,49,invoice,tr,split_c372ccc2dc1037ce,template32,true,true,true,true,true,true,0.8251161582349944,high,high,medium,degraded,30.704096431907875,3.8088443279266357,37,deterministic_stratified_fatura_dev_select,false
ocrbench_929f32400f8a4e1e,ocr-benchmark-8854b5f20deb6611,fatura_page_2c7c1ccb3c5e24,fatura_doc_86294835ec99eb,split_99182dd71253ff36,fatura,invoices_dataset_final,dev_select,data/raw/public/fatura/invoices_dataset_final/images/Template38_Instance116.jpg,b80623ec065ebcc9dca03ddfc35a59648aa9152ff8f34e2d1eee4def840635e1,data/processed/normalized_ie_annotations/fatura/fatura_page_2c7c1ccb3c5e24.json,d737fac81c9e4426be1e8cc1deb3c016848b825d373c52e5eeda86bc0272ae00,1.0,CC-BY-4.0-Zenodo-8261508,595,841,46.0,104,invoice,tr,split_99182dd71253ff36,template38,true,true,true,true,true,true,1.0,high,high,medium,degraded,31.67053305789608,6.269291877746582,0,deterministic_stratified_fatura_dev_select,false
ocrbench_e28f914e4656aee9,ocr-benchmark-8854b5f20deb6611,fatura_page_2d5b711dc23d9d,fatura_doc_f0866996ecff47,split_c372ccc2dc1037ce,fatura,invoices_dataset_final,dev_select,data/raw/public/fatura/invoices_dataset_final/images/Template32_Instance34.jpg,c624d663e624caa938ab8245c18641b2ff506d68167e672387cc0514862f0509,data/processed/normalized_ie_annotations/fatura/fatura_page_2d5b711dc23d9d.json,b4b4f7aa325524aa201b8eb51ef03a97029eed2cec9423ea995bc20c65731f5c,1.0,CC-BY-4.0-Zenodo-8261508,595,841,26.0,53,invoice,tr,split_c372ccc2dc1037ce,template32,true,true,true,true,true,true,1.0,high,high,medium,degraded,30.986149866443633,3.902066707611084,37,deterministic_stratified_fatura_dev_select,false
ocrbench_f5fcf5f7ba1ec967,ocr-benchmark-8854b5f20deb6611,fatura_page_2e0887deb00ea6,fatura_doc_fd394a086e91d7,split_99182dd71253ff36,fatura,invoices_dataset_final,dev_select,data/raw/public/fatura/invoices_dataset_final/images/Template38_Instance25.jpg,dd00e03aa66997b3ff01e9e48686a8cc202fe2d6a2479a0fd8468b1e858ccdf5,data/processed/normalized_ie_annotations/fatura/fatura_page_2e0887deb00ea6.json,2a5228aa05fa5b4ba95f27884d0c1d8fe4ab009b794fcc8b46a1019dbfed0c9e,1.0,CC-BY-4.0-Zenodo-8261508,595,841,46.0,101,invoice,tr,split_99182dd71253ff36,template38,true,true,true,true,true,true,1.0,high,high,medium,degraded,30.460039658192994,5.841367721557617,37,deterministic_stratified_fatura_dev_select,false
ocrbench_92f74ce4b5e0dc06,ocr-benchmark-8854b5f20deb6611,fatura_page_300f73226d0067,fatura_doc_72b2e817e529f8,split_c372ccc2dc1037ce,fatura,invoices_dataset_final,dev_select,data/raw/public/fatura/invoices_dataset_final/images/Template32_Instance118.jpg,c377937507a0ad27f0e333ac4d80475ceac1157fc7c90ef06f13f801dd6ce9e2,data/processed/normalized_ie_annotations/fatura/fatura_page_300f73226d0067.json,25454a0c2231f397ececa85f5af541b74c186b421f886a997e7598a4c1de547d,1.0,CC-BY-4.0-Zenodo-8261508,595,841,26.0,53,invoice,tr,split_c372ccc2dc1037ce,template32,true,true,true,true,true,true,0.9527912948770472,high,high,medium,degraded,31.2678484860687,4.106931686401367,0,deterministic_stratified_fatura_dev_select,false
ocrbench_88c0544e7d8f2805,ocr-benchmark-8854b5f20deb6611,fatura_page_305d055a910a5b,fatura_doc_19f86230c269f9,split_99182dd71253ff36,fatura,invoices_dataset_final,dev_select,data/raw/public/fatura/invoices_dataset_final/images/Template38_Instance169.jpg,afcf452aabce94b5dfaf94d7368c9ea1cdc2dfc22227dd0cce4e89899dbe8795,data/processed/normalized_ie_annotations/fatura/fatura_page_305d055a910a5b.json,c5a7ccce98321bb007c209190f90c0eb10ae44009e10512180a3c1fb6f7e4395,1.0,CC-BY-4.0-Zenodo-8261508,595,841,46.0,111,invoice,tr,split_99182dd71253ff36,template38,true,true,true,true,true,true,1.0,high,high,medium,degraded,32.29262831380961,7.01698637008667,0,deterministic_stratified_fatura_dev_select,false
ocrbench_ca0b947c4116c05e,ocr-benchmark-8854b5f20deb6611,fatura_page_30e4099f5ac748,fatura_doc_809b5921d5850c,split_c372ccc2dc1037ce,fatura,invoices_dataset_final,dev_select,data/raw/public/fatura/invoices_dataset_final/images/Template32_Instance86.jpg,5f00e7e6a2de1df92479f52d6eeee35ca49d97bd8844b7c3858883ff93939620,data/processed/normalized_ie_annotations/fatura/fatura_page_30e4099f5ac748.json,f534495a9f81de15608994cc269e35880e948a7d02ec3ba6efdbd0fcd9aae864,1.0,CC-BY-4.0-Zenodo-8261508,595,841,26.0,49,invoice,tr,split_c372ccc2dc1037ce,template32,true,true,true,true,true,true,0.846531240320147,high,high,medium,degraded,31.106097378018912,4.040809154510498,0,deterministic_stratified_fatura_dev_select,false
ocrbench_fb9b45aef176aebf,ocr-benchmark-8854b5f20deb6611,fatura_page_3330a6f411df59,fatura_doc_19b14df6a5993b,split_bc966078a2f3e7dc,fatura,invoices_dataset_final,dev_select,data/raw/public/fatura/invoices_dataset_final/images/Template22_Instance78.jpg,68121ab24e388d548f330752408aec7884b11fb0027decfa974b528c406b2892,data/processed/normalized_ie_annotations/fatura/fatura_page_3330a6f411df59.json,106a6355b5ff03a0d3c1b6bab91d957fe0c34f08b59d8bd2b08537b58357140e,1.0,CC-BY-4.0-Zenodo-8261508,595,841,12.0,46,invoice,tr,split_bc966078a2f3e7dc,template22,true,true,true,true,true,true,0.7331628013869044,high,medium,medium,degraded,29.78489546389827,4.01292085647583,0,deterministic_stratified_fatura_dev_select,false
ocrbench_c7422c51eef9bbd7,ocr-benchmark-8854b5f20deb6611,fatura_page_346fd66f0aa02a,fatura_doc_e46940a5c07da2,split_99182dd71253ff36,fatura,invoices_dataset_final,dev_select,data/raw/public/fatura/invoices_dataset_final/images/Template38_Instance42.jpg,0f0eefd27b6456a4b4f829ef518d59f054b566e42479f71a51393f0b013a459b,data/processed/normalized_ie_annotations/fatura/fatura_page_346fd66f0aa02a.json,092962ab7868ddb04254fddbe1f9f0540b8e1e6e9f33b2c9006e4f419eeac677,1.0,CC-BY-4.0-Zenodo-8261508,595,841,26.0,80,invoice,tr,split_99182dd71253ff36,template38,true,true,true,true,true,true,1.0,high,high,medium,degraded,29.79417136913336,5.632804870605469,0,deterministic_stratified_fatura_dev_select,false
ocrbench_e8b8b6e02c55086c,ocr-benchmark-8854b5f20deb6611,fatura_page_35e8eb040eeb1e,fatura_doc_03329c23bd19d6,split_75cdb402ea07f82a,fatura,invoices_dataset_final,dev_select,data/raw/public/fatura/invoices_dataset_final/images/Template10_Instance197.jpg,04ff82a4848d7ec606a3aabbcc4a7a38f61fee6a3b6c611a6be5ac8de22281a9,data/processed/normalized_ie_annotations/fatura/fatura_page_35e8eb040eeb1e.json,c26d25e2a90fdaf9de5e456c5cde2aa01166b3c4ad832175cc4859da736211e2,1.0,CC-BY-4.0-Zenodo-8261508,595,841,22.0,68,invoice,tr,split_75cdb402ea07f82a,template10,true,true,true,true,true,true,1.0,high,medium,medium,degraded,29.130792966172912,4.939093589782715,0,deterministic_stratified_fatura_dev_select,false
ocrbench_5c452ab7ecb02240,ocr-benchmark-8854b5f20deb6611,fatura_page_368cbc86f74b1a,fatura_doc_1e15efec7f4bed,split_bc966078a2f3e7dc,fatura,invoices_dataset_final,dev_select,data/raw/public/fatura/invoices_dataset_final/images/Template22_Instance142.jpg,96acf29e2170c8b96a7611a0dfd8e6d988d2180f554d14e5756a31ac1f9ae16b,data/processed/normalized_ie_annotations/fatura/fatura_page_368cbc86f74b1a.json,23ceb07d05681f5e1c85ba16ca7b9d87a02a55b62cd0f8eb945873eedae25703,1.0,CC-BY-4.0-Zenodo-8261508,595,841,26.0,56,invoice,tr,split_bc966078a2f3e7dc,template22,true,true,true,true,true,true,0.9545479071533488,high,high,medium,degraded,30.397765959436864,4.285306453704834,0,deterministic_stratified_fatura_dev_select,false
ocrbench_e3981d68ecf7d702,ocr-benchmark-8854b5f20deb6611,fatura_page_36ae7016352ff8,fatura_doc_a6e825660c2a5d,split_bc966078a2f3e7dc,fatura,invoices_dataset_final,dev_select,data/raw/public/fatura/invoices_dataset_final/images/Template22_Instance191.jpg,7de8ed2452136721fb5b31763cb091d456e0670c7815551dc7b45dac928aeeb2,data/processed/normalized_ie_annotations/fatura/fatura_page_36ae7016352ff8.json,3b39762583f9bfc7b90d6e20e2370ff77a9b8bd0df404ccb682e3323a0a2e88b,1.0,CC-BY-4.0-Zenodo-8261508,595,841,26.0,57,invoice,tr,split_bc966078a2f3e7dc,template22,true,true,true,true,true,true,1.0,high,high,medium,degraded,30.43688381642251,4.288012981414795,0,deterministic_stratified_fatura_dev_select,false
ocrbench_992fc53a47c0dfe4,ocr-benchmark-8854b5f20deb6611,fatura_page_3748dc5b3d5699,fatura_doc_bffa67c1abddc4,split_bc966078a2f3e7dc,fatura,invoices_dataset_final,dev_select,data/raw/public/fatura/invoices_dataset_final/images/Template22_Instance38.jpg,8325570de4d713ab7504213d0f8d52f7a568079b0aaf371c5eb55317d146613f,data/processed/normalized_ie_annotations/fatura/fatura_page_3748dc5b3d5699.json,241c61bd95b70fd2449ccf764ec4396cbb9b061c6aa97f5124abb82ab74d825b,1.0,CC-BY-4.0-Zenodo-8261508,595,841,26.0,52,invoice,tr,split_bc966078a2f3e7dc,template22,true,true,true,true,true,true,0.9304809200731422,high,high,medium,degraded,29.81559039570034,3.7855281829833984,0,deterministic_stratified_fatura_dev_select,false
ocrbench_8d3a1b97a4d2fbd8,ocr-benchmark-8854b5f20deb6611,fatura_page_38f10e83e71581,fatura_doc_893195ad3dae00,split_a4efa0cdee4a6265,fatura,invoices_dataset_final,dev_select,data/raw/public/fatura/invoices_dataset_final/images/Template15_Instance125.jpg,fbec866dd93027d5bcaa83fc04a6058289956261df99dced870b6eb42ead13d7,data/processed/normalized_ie_annotations/fatura/fatura_page_38f10e83e71581.json,ea3cfe956377d30d7c6393c2ccaa1c4a2f72f0635912f25d58eda083376a7490,1.0,CC-BY-4.0-Zenodo-8261508,595,841,26.0,50,invoice,tr,split_a4efa0cdee4a6265,template15,true,true,true,true,true,true,0.9971242718252581,high,high,medium,degraded,29.653581625629567,5.028500556945801,0,deterministic_stratified_fatura_dev_select,false
ocrbench_ae47a7fd8822f1a5,ocr-benchmark-8854b5f20deb6611,fatura_page_396465e427d2f6,fatura_doc_cac0c91dc88168,split_a4efa0cdee4a6265,fatura,invoices_dataset_final,dev_select,data/raw/public/fatura/invoices_dataset_final/images/Template15_Instance85.jpg,ef333d456aa2b612f4590006e2adb8ce659c0465de8dd919c3e24ba91c37bd8a,data/processed/normalized_ie_annotations/fatura/fatura_page_396465e427d2f6.json,6b005df4f65b65d04b13031315b57ae5f873f84c40f5cafffddcc7f6ae77d3f2,1.0,CC-BY-4.0-Zenodo-8261508,595,841,26.0,47,invoice,tr,split_a4efa0cdee4a6265,template15,true,true,true,true,true,true,0.7897600895292719,high,high,medium,degraded,29.013129263847127,4.75924825668335,37,deterministic_stratified_fatura_dev_select,false
ocrbench_04ec72fac7132279,ocr-benchmark-8854b5f20deb6611,fatura_page_3acc045b4d3c13,fatura_doc_86f3a6b08fe8af,split_99182dd71253ff36,fatura,invoices_dataset_final,dev_select,data/raw/public/fatura/invoices_dataset_final/images/Template38_Instance33.jpg,83314a2a82b67879912800ba529a3834fb5c49d93de332c4a6d97c0a345d6ef6,data/processed/normalized_ie_annotations/fatura/fatura_page_3acc045b4d3c13.json,a14c9469e00804b1b3915fecb65fb00932f454c1fc11c4ea2404ef887138e9cf,1.0,CC-BY-4.0-Zenodo-8261508,595,841,46.0,101,invoice,tr,split_99182dd71253ff36,template38,true,true,true,true,true,true,1.0,high,high,medium,degraded,31.555068235195176,6.66500186920166,0,deterministic_stratified_fatura_dev_select,false
ocrbench_ec0d5fa7f1ae3ae8,ocr-benchmark-8854b5f20deb6611,fatura_page_3af6b7c464af96,fatura_doc_e3f14e6f20c518,split_a4efa0cdee4a6265,fatura,invoices_dataset_final,dev_select,data/raw/public/fatura/invoices_dataset_final/images/Template15_Instance22.jpg,6dca49584e6b9aee777142cf3070fb1352a00336e05cf56aefabc5de5dbb2e44,data/processed/normalized_ie_annotations/fatura/fatura_page_3af6b7c464af96.json,77865035acdff2c9b9131473833c18f3b8a62e1d1d5f10a0e76526f2f5793755,1.0,CC-BY-4.0-Zenodo-8261508,595,841,26.0,47,invoice,tr,split_a4efa0cdee4a6265,template15,true,true,true,true,true,true,0.9256607280248603,high,high,medium,degraded,29.043887633575753,4.7562031745910645,37,deterministic_stratified_fatura_dev_select,false
ocrbench_fa4e339c034f8c1c,ocr-benchmark-8854b5f20deb6611,fatura_page_3b133fb620a571,fatura_doc_41a3118d098912,split_929a3cca33f05b1f,fatura,invoices_dataset_final,dev_select,data/raw/public/fatura/invoices_dataset_final/images/Template2_Instance97.jpg,57902e13fbfd56fc57bf4a28501052df645d17ba0dfe5ee49838bb078bd8dc27,data/processed/normalized_ie_annotations/fatura/fatura_page_3b133fb620a571.json,f7df384d1731a98735535e8ac85b9f29e1d51e049bf9f37e9b73c93189fb9f95,1.0,CC-BY-4.0-Zenodo-8261508,595,841,26.0,52,invoice,tr,split_929a3cca33f05b1f,splitgrp_bc744745bf0387,true,true,true,true,true,true,0.903150511096234,high,high,medium,degraded,28.623287175056067,4.115265846252441,0,deterministic_stratified_fatura_dev_select,false
ocrbench_dc6be98bb78a7037,ocr-benchmark-8854b5f20deb6611,fatura_page_3bad18ce43e035,fatura_doc_8efdc11f9ddd59,split_a4efa0cdee4a6265,fatura,invoices_dataset_final,dev_select,data/raw/public/fatura/invoices_dataset_final/images/Template15_Instance7.jpg,ef652f55a7edc5e88776b8bad514550a5ae89e17f9f311f22e7218b8bd79656d,data/processed/normalized_ie_annotations/fatura/fatura_page_3bad18ce43e035.json,01e7ac9d6f3a5d998ebf1eb7ccd4b46aa52ee711d3436cfbbf1ddeb45f2c291b,1.0,CC-BY-4.0-Zenodo-8261508,595,841,26.0,48,invoice,tr,split_a4efa0cdee4a6265,template15,true,true,true,true,true,true,0.818969014478562,high,high,medium,degraded,29.521992466236714,4.989631652832031,0,deterministic_stratified_fatura_dev_select,false
ocrbench_8de4479e3d7776a8,ocr-benchmark-8854b5f20deb6611,fatura_page_3c25079125011d,fatura_doc_77be8ded99cb29,split_c372ccc2dc1037ce,fatura,invoices_dataset_final,dev_select,data/raw/public/fatura/invoices_dataset_final/images/Template32_Instance26.jpg,f3c412decb113e60ff271df4b907d17bc6e4d70f4d15e1e6b61a4885e1e1b4e2,data/processed/normalized_ie_annotations/fatura/fatura_page_3c25079125011d.json,60747868a7a9f184fda7917068479e2b0cde7945314a63a735331dce7a68d1ed,1.0,CC-BY-4.0-Zenodo-8261508,595,841,26.0,56,invoice,tr,split_c372ccc2dc1037ce,template32,true,true,true,true,true,true,1.0,high,high,medium,degraded,31.46369164658183,4.155522346496582,0,deterministic_stratified_fatura_dev_select,false
ocrbench_78cb7988250b303a,ocr-benchmark-8854b5f20deb6611,fatura_page_3daaa9f99e4589,fatura_doc_b33009d0bab9a7,split_75cdb402ea07f82a,fatura,invoices_dataset_final,dev_select,data/raw/public/fatura/invoices_dataset_final/images/Template10_Instance40.jpg,a7de2245d7ada98b86fe7c5af7ee73bc0d7cccb48ed49c198616bb7555159dac,data/processed/normalized_ie_annotations/fatura/fatura_page_3daaa9f99e4589.json,6a293e4414a06ad4997da7bc26bd6f509aadd80140234824b985dc2f723b514f,1.0,CC-BY-4.0-Zenodo-8261508,595,841,22.0,68,invoice,tr,split_75cdb402ea07f82a,template10,true,true,true,true,true,true,1.0,high,medium,medium,degraded,28.300032648812817,4.391958713531494,0,deterministic_stratified_fatura_dev_select,false
ocrbench_cecc9a3feb0da1d7,ocr-benchmark-8854b5f20deb6611,fatura_page_3e0082bd7274e2,fatura_doc_c31c55c6b69044,split_75cdb402ea07f82a,fatura,invoices_dataset_final,dev_select,data/raw/public/fatura/invoices_dataset_final/images/Template10_Instance194.jpg,3414c167561a916c7e299b0f3fc793d330cdefc5073509f5b0c5a650c00eb2c9,data/processed/normalized_ie_annotations/fatura/fatura_page_3e0082bd7274e2.json,46b04aa4d23c8e343deafacfe9911b7034184a3ef239348990f19b23ce4c0a62,1.0,CC-BY-4.0-Zenodo-8261508,595,841,46.0,92,invoice,tr,split_75cdb402ea07f82a,template10,true,true,true,true,true,true,1.0,high,high,medium,degraded,30.047518018984412,5.274271011352539,0,deterministic_stratified_fatura_dev_select,false
ocrbench_932a46e3389be899,ocr-benchmark-8854b5f20deb6611,fatura_page_3ea4555110ceb5,fatura_doc_731138400dc16f,split_75cdb402ea07f82a,fatura,invoices_dataset_final,dev_select,data/raw/public/fatura/invoices_dataset_final/images/Template10_Instance128.jpg,6d719934a0870d6956be5650999e7f2c9137d0cdea267c5f264fa62eeb1ade77,data/processed/normalized_ie_annotations/fatura/fatura_page_3ea4555110ceb5.json,6ca87f1728c239d325395b9367d8614e6ee6b82b4a07fe2f4141004996fd1f0a,1.0,CC-BY-4.0-Zenodo-8261508,595,841,22.0,68,invoice,tr,split_75cdb402ea07f82a,template10,true,true,true,true,true,true,1.0,high,medium,medium,degraded,28.8341907229318,4.656326770782471,37,deterministic_stratified_fatura_dev_select,false
ocrbench_a210fb301ec75906,ocr-benchmark-8854b5f20deb6611,fatura_page_400f702b40fd81,fatura_doc_fb75c5ce5ce68f,split_75cdb402ea07f82a,fatura,invoices_dataset_final,dev_select,data/raw/public/fatura/invoices_dataset_final/images/Template10_Instance196.jpg,795b7b2f09b0dd09ed281440226c6926fad097597541f62722e631b34889566a,data/processed/normalized_ie_annotations/fatura/fatura_page_400f702b40fd81.json,657321151932122d32509a7ffb4fe098503156e1f221a8afa8e9adcdfa52f71c,1.0,CC-BY-4.0-Zenodo-8261508,595,841,26.0,71,invoice,tr,split_75cdb402ea07f82a,template10,true,true,true,true,true,true,1.0,high,high,medium,degraded,29.391666862219026,4.904876232147217,0,deterministic_stratified_fatura_dev_select,false
ocrbench_011efb2f6e39452c,ocr-benchmark-8854b5f20deb6611,fatura_page_4077458289f682,fatura_doc_8d189811b1c785,split_bc966078a2f3e7dc,fatura,invoices_dataset_final,dev_select,data/raw/public/fatura/invoices_dataset_final/images/Template22_Instance120.jpg,7778b621f9e19d4d7c625dd10fbb989053b6117b036a54d3f024349aae8f8482,data/processed/normalized_ie_annotations/fatura/fatura_page_4077458289f682.json,9f442e39293db073d79e443df024b74edadaaeafd0e6ea759f0abc41ebaa9163,1.0,CC-BY-4.0-Zenodo-8261508,595,841,26.0,56,invoice,tr,split_bc966078a2f3e7dc,template22,true,true,true,true,true,true,0.9770980925069195,high,high,medium,degraded,30.096565133515064,3.889699697494507,37,deterministic_stratified_fatura_dev_select,false
ocrbench_abc1fed1826ae694,ocr-benchmark-8854b5f20deb6611,fatura_page_40c8ffed07962f,fatura_doc_0dfe2f47dcbb99,split_a4efa0cdee4a6265,fatura,invoices_dataset_final,dev_select,data/raw/public/fatura/invoices_dataset_final/images/Template15_Instance72.jpg,c10b9f2f36237cb2f749ec2435af991a7ff1faacb9a8195716150b459b1d70d9,data/processed/normalized_ie_annotations/fatura/fatura_page_40c8ffed07962f.json,d07a726e6ffcb6d97f4ff902fa0203ba316082bae58a816ace06d632d749713a,1.0,CC-BY-4.0-Zenodo-8261508,595,841,26.0,50,invoice,tr,split_a4efa0cdee4a6265,template15,true,true,true,true,true,true,0.9275792124221864,high,high,medium,degraded,29.738099948882294,4.913662910461426,0,deterministic_stratified_fatura_dev_select,false
ocrbench_579d72dcca077905,ocr-benchmark-8854b5f20deb6611,fatura_page_410b7582b31f3d,fatura_doc_0cf3a0730df2a4,split_75cdb402ea07f82a,fatura,invoices_dataset_final,dev_select,data/raw/public/fatura/invoices_dataset_final/images/Template10_Instance16.jpg,189c54996c78bbf830b71a624a70ea63e23b7bdadc2101ec0646c7615b34c5c8,data/processed/normalized_ie_annotations/fatura/fatura_page_410b7582b31f3d.json,0e5dbc0128eb81a975d1bc777d848e84a31f08e654e6bf20d56b6cf521e733ae,1.0,CC-BY-4.0-Zenodo-8261508,595,841,46.0,94,invoice,tr,split_75cdb402ea07f82a,template10,true,true,true,true,true,true,1.0,high,high,medium,degraded,30.695863930316364,5.651716232299805,0,deterministic_stratified_fatura_dev_select,false
ocrbench_3079eda61972c106,ocr-benchmark-8854b5f20deb6611,fatura_page_41c56c96e4e31e,fatura_doc_c82c889d4b79d6,split_75cdb402ea07f82a,fatura,invoices_dataset_final,dev_select,data/raw/public/fatura/invoices_dataset_final/images/Template10_Instance54.jpg,17b78881b1e533ad9a671f7b92dc012b5d3a553b4a2b67a3feff92f244c4f180,data/processed/normalized_ie_annotations/fatura/fatura_page_41c56c96e4e31e.json,ae0fd084db1165edd43d9406bde7d8e770b1570b4546cc5c18d16de3cda42934,1.0,CC-BY-4.0-Zenodo-8261508,595,841,46.0,89,invoice,tr,split_75cdb402ea07f82a,template10,true,true,true,true,true,true,1.0,high,high,medium,degraded,29.795578646095322,5.222218990325928,0,deterministic_stratified_fatura_dev_select,false
ocrbench_3dd3b1ec982ff888,ocr-benchmark-8854b5f20deb6611,fatura_page_42f92bcb8285df,fatura_doc_b5c0a8c7d7ba8e,split_bc966078a2f3e7dc,fatura,invoices_dataset_final,dev_select,data/raw/public/fatura/invoices_dataset_final/images/Template22_Instance40.jpg,2345ea807d546a68daa6502182585c175ce8516f1825d698365de16c2af9af5f,data/processed/normalized_ie_annotations/fatura/fatura_page_42f92bcb8285df.json,4423544c32c048a1145c6e9ec9469d4391dccd79264d30f151c343fbf87253f5,1.0,CC-BY-4.0-Zenodo-8261508,595,841,26.0,51,invoice,tr,split_bc966078a2f3e7dc,template22,true,true,true,true,true,true,0.9099931054466971,high,high,medium,degraded,29.486647397660203,3.519033908843994,37,deterministic_stratified_fatura_dev_select,false
ocrbench_48a746de5b19deeb,ocr-benchmark-8854b5f20deb6611,fatura_page_44380c569d7cf8,fatura_doc_1230cc67d9c006,split_c372ccc2dc1037ce,fatura,invoices_dataset_final,dev_select,data/raw/public/fatura/invoices_dataset_final/images/Template32_Instance122.jpg,47c4c0a5998a483a01f7c504af441011ebb020450fa628254c07610b3b5b38c8,data/processed/normalized_ie_annotations/fatura/fatura_page_44380c569d7cf8.json,a1fdb742bdb9eaf77fe75adae7604ccf0d2f4633371252f9c8e99b2344dbbdf7,1.0,CC-BY-4.0-Zenodo-8261508,595,841,26.0,50,invoice,tr,split_c372ccc2dc1037ce,template32,true,true,true,true,true,true,1.0,high,high,medium,degraded,31.716392183587846,4.476363658905029,0,deterministic_stratified_fatura_dev_select,false
ocrbench_e2583849f0e8f3ca,ocr-benchmark-8854b5f20deb6611,fatura_page_44caf4a90f55d7,fatura_doc_f1bfbaf107d211,split_c372ccc2dc1037ce,fatura,invoices_dataset_final,dev_select,data/raw/public/fatura/invoices_dataset_final/images/Template32_Instance97.jpg,abf982ab73df13f8bf234a1368b343c02f43d8a307017bdd3f23eaaf449d6f08,data/processed/normalized_ie_annotations/fatura/fatura_page_44caf4a90f55d7.json,29c7d3e96d3a2447a4258ff89b1b5beb860d9d9362ab60282b5141f180eb40fb,1.0,CC-BY-4.0-Zenodo-8261508,595,841,26.0,58,invoice,tr,split_c372ccc2dc1037ce,template32,true,true,true,true,true,true,1.0,high,high,medium,degraded,32.080514538625984,4.536062240600586,37,deterministic_stratified_fatura_dev_select,false
ocrbench_ac2accc348fd5b90,ocr-benchmark-8854b5f20deb6611,fatura_page_44caf5492b011c,fatura_doc_35187f29e7f1b6,split_a4efa0cdee4a6265,fatura,invoices_dataset_final,dev_select,data/raw/public/fatura/invoices_dataset_final/images/Template15_Instance28.jpg,c7b9be22d2e394b051e15ae023cf6be2a22c13737ce9432dffa0a1e934ef8efe,data/processed/normalized_ie_annotations/fatura/fatura_page_44caf5492b011c.json,895894dd885f246717af8724e1919688a586f4b7c6c7492efb408a75ce233b28,1.0,CC-BY-4.0-Zenodo-8261508,595,841,26.0,50,invoice,tr,split_a4efa0cdee4a6265,template15,true,true,true,true,true,true,0.9058763576774348,high,high,medium,degraded,29.249356868710528,4.693572044372559,0,deterministic_stratified_fatura_dev_select,false
ocrbench_8324061d8a168619,ocr-benchmark-8854b5f20deb6611,fatura_page_45c77491e66102,fatura_doc_f4c0c37bd297e2,split_c372ccc2dc1037ce,fatura,invoices_dataset_final,dev_select,data/raw/public/fatura/invoices_dataset_final/images/Template32_Instance121.jpg,d55af84b9c6e993a6d2312d190679f89a365c4e87d2920bb46735f4c263b0df2,data/processed/normalized_ie_annotations/fatura/fatura_page_45c77491e66102.json,5e25c2bd2da7fb9d3b5ffb63de106f17400171bb03d0e1cfc71bd889760efad9,1.0,CC-BY-4.0-Zenodo-8261508,595,841,26.0,52,invoice,tr,split_c372ccc2dc1037ce,template32,true,true,true,true,true,true,1.0,high,high,medium,degraded,31.660698881687157,4.2956414222717285,0,deterministic_stratified_fatura_dev_select,false
ocrbench_eac3ac66a48281cb,ocr-benchmark-8854b5f20deb6611,fatura_page_464f0a12cae9ba,fatura_doc_d4cdb9a739507a,split_75cdb402ea07f82a,fatura,invoices_dataset_final,dev_select,data/raw/public/fatura/invoices_dataset_final/images/Template10_Instance159.jpg,f52ff80305f9fc7e1c0ceb1252f29ca6f13d09af6365571f717602bb34608796,data/processed/normalized_ie_annotations/fatura/fatura_page_464f0a12cae9ba.json,ec7240ea65a72a75548692944a3f16b9b0ef5edeedb42e4038a78bdcfc874380,1.0,CC-BY-4.0-Zenodo-8261508,595,841,22.0,68,invoice,tr,split_75cdb402ea07f82a,template10,true,true,true,true,true,true,1.0,high,medium,medium,degraded,28.48581677074435,4.508319854736328,0,deterministic_stratified_fatura_dev_select,false
ocrbench_67a50fe17034c2e5,ocr-benchmark-8854b5f20deb6611,fatura_page_467ef4670957da,fatura_doc_3892731edcac12,split_1075165e57ab3f5d,fatura,invoices_dataset_final,dev_select,data/raw/public/fatura/invoices_dataset_final/images/Template16_Instance48.jpg,70cc7a0f7294879d31f6baab9a6a7b0561c0b7ce31fc5e64028d71b4a5468a0d,data/processed/normalized_ie_annotations/fatura/fatura_page_467ef4670957da.json,0ab99ca639fd6b89f9d2d98f25fde43f067056395da6c717dcb7f5a3e5c9fee4,1.0,CC-BY-4.0-Zenodo-8261508,595,841,26.0,45,invoice,tr,split_1075165e57ab3f5d,splitgrp_f48b22ac4e56c6,true,true,true,true,true,true,0.8116148242888118,high,high,medium,degraded,38.641060607634564,5.472825050354004,0,deterministic_stratified_fatura_dev_select,false
ocrbench_9a9f36e67613d32f,ocr-benchmark-8854b5f20deb6611,fatura_page_46997ab0fd47ae,fatura_doc_0a70f6466e87bd,split_a4efa0cdee4a6265,fatura,invoices_dataset_final,dev_select,data/raw/public/fatura/invoices_dataset_final/images/Template15_Instance17.jpg,99e0ef41ffcfd435549d9e2a8e9820f979285147e3c48d1640d01ed673a0cf42,data/processed/normalized_ie_annotations/fatura/fatura_page_46997ab0fd47ae.json,c8d598ec3af6f2c1fc74e41922bb706c9adca097462b2f8db9b90bc788b6a5f5,1.0,CC-BY-4.0-Zenodo-8261508,595,841,26.0,48,invoice,tr,split_a4efa0cdee4a6265,template15,true,true,true,true,true,true,0.8907682930484917,high,high,medium,degraded,29.02942827737558,4.769443511962891,37,deterministic_stratified_fatura_dev_select,false
ocrbench_e5249e912a07472a,ocr-benchmark-8854b5f20deb6611,fatura_page_482ff552e38019,fatura_doc_4398129c806ccf,split_75cdb402ea07f82a,fatura,invoices_dataset_final,dev_select,data/raw/public/fatura/invoices_dataset_final/images/Template10_Instance50.jpg,28c00ab3539917fdcddbf71d7c6123e51bcdaf4d318a199c7e5199ddc48d6b56,data/processed/normalized_ie_annotations/fatura/fatura_page_482ff552e38019.json,4d61fe7250d8559d279afdd8afc9ff1c82ddfa8c189e2a05285dc4a56ea35844,1.0,CC-BY-4.0-Zenodo-8261508,595,841,46.0,90,invoice,tr,split_75cdb402ea07f82a,template10,true,true,true,true,true,true,1.0,high,high,medium,degraded,29.773672404849112,5.067285060882568,37,deterministic_stratified_fatura_dev_select,false
ocrbench_facecc4492924712,ocr-benchmark-8854b5f20deb6611,fatura_page_488c3ee40de739,fatura_doc_3e5299dce31383,split_75cdb402ea07f82a,fatura,invoices_dataset_final,dev_select,data/raw/public/fatura/invoices_dataset_final/images/Template10_Instance78.jpg,31733ed4fbc6f290dc49393611bc0b84d64d9d7397c7b4b422d6534e69dce78c,data/processed/normalized_ie_annotations/fatura/fatura_page_488c3ee40de739.json,3a6a3673e91be3e6daea7f2547f0940f894fd1710b9772703ad28aa2aa5efe46,1.0,CC-BY-4.0-Zenodo-8261508,595,841,26.0,74,invoice,tr,split_75cdb402ea07f82a,template10,true,true,true,true,true,true,1.0,high,high,medium,degraded,29.378096357262038,4.911563396453857,37,deterministic_stratified_fatura_dev_select,false
ocrbench_9bc8e94eaf21189d,ocr-benchmark-8854b5f20deb6611,fatura_page_4a415397a56dbe,fatura_doc_6fe9c52d96e68e,split_75cdb402ea07f82a,fatura,invoices_dataset_final,dev_select,data/raw/public/fatura/invoices_dataset_final/images/Template10_Instance97.jpg,de2f8e397b24fb3e567d718e5f522e673b64863cb694beb7b470115bae122208,data/processed/normalized_ie_annotations/fatura/fatura_page_4a415397a56dbe.json,c274dd5876295f394ab9f50dc7d83fca8e4145cd6b6f46dd32e876d84a5fde37,1.0,CC-BY-4.0-Zenodo-8261508,595,841,46.0,92,invoice,tr,split_75cdb402ea07f82a,template10,true,true,true,true,true,true,1.0,high,high,medium,degraded,30.47258176040322,5.5183234214782715,0,deterministic_stratified_fatura_dev_select,false
ocrbench_46f922e8fc88556e,ocr-benchmark-8854b5f20deb6611,fatura_page_4aaa746d0343cd,fatura_doc_8e652be4711757,split_a4efa0cdee4a6265,fatura,invoices_dataset_final,dev_select,data/raw/public/fatura/invoices_dataset_final/images/Template15_Instance152.jpg,1ba3e6fc67796628a29a94ba080557ebe720700fb2fb147edad9a6b02bcb4205,data/processed/normalized_ie_annotations/fatura/fatura_page_4aaa746d0343cd.json,4569aaa3d2d4de42e98d51f48bbb807da96337c9d4bab06035b3fb343fc62f0f,1.0,CC-BY-4.0-Zenodo-8261508,595,841,26.0,49,invoice,tr,split_a4efa0cdee4a6265,template15,true,true,true,true,true,true,0.8828305638545549,high,high,medium,degraded,28.059549394856212,4.02522087097168,0,deterministic_stratified_fatura_dev_select,false
ocrbench_0259e643eb5e2064,ocr-benchmark-8854b5f20deb6611,fatura_page_4b1d98c557d543,fatura_doc_9c7e08b321e4c6,split_bc966078a2f3e7dc,fatura,invoices_dataset_final,dev_select,data/raw/public/fatura/invoices_dataset_final/images/Template22_Instance52.jpg,e5d8e43cfc62eef2af7f1dafaf6253e135a5fd35b5ce321add49825ab5eb0c09,data/processed/normalized_ie_annotations/fatura/fatura_page_4b1d98c557d543.json,c31604224e8a07d0b3349b122d50d4cce1a096da6cad44f7a936f6c818426503,1.0,CC-BY-4.0-Zenodo-8261508,595,841,12.0,48,invoice,tr,split_bc966078a2f3e7dc,template22,true,true,true,true,true,true,0.7948400763396917,high,medium,medium,degraded,29.326882393993646,3.555180788040161,0,deterministic_stratified_fatura_dev_select,false
ocrbench_82a8f716a6b72ecf,ocr-benchmark-8854b5f20deb6611,fatura_page_4e81174f832495,fatura_doc_01c2e4946ca1eb,split_75cdb402ea07f82a,fatura,invoices_dataset_final,dev_select,data/raw/public/fatura/invoices_dataset_final/images/Template10_Instance156.jpg,a2d8ee1828c2df7d503c3a6db7bad2a00ddc3f3ce179a2bdf695e2079ffc46b2,data/processed/normalized_ie_annotations/fatura/fatura_page_4e81174f832495.json,770a18a2b60325c32ce354092e84648867022ad27527b5dfc4f3cf0cce0460c2,1.0,CC-BY-4.0-Zenodo-8261508,595,841,22.0,67,invoice,tr,split_75cdb402ea07f82a,template10,true,true,true,true,true,true,1.0,high,medium,medium,degraded,28.944286847739576,4.775059700012207,37,deterministic_stratified_fatura_dev_select,false
ocrbench_076055a8d66a52ea,ocr-benchmark-8854b5f20deb6611,fatura_page_4fe23d752a0ca9,fatura_doc_51b28e403e3ff9,split_bc966078a2f3e7dc,fatura,invoices_dataset_final,dev_select,data/raw/public/fatura/invoices_dataset_final/images/Template22_Instance77.jpg,bc1ce015705df5eeb8372883053b72e1bb5045cec21e56cf435c631beae373d6,data/processed/normalized_ie_annotations/fatura/fatura_page_4fe23d752a0ca9.json,aed939107ec7b2b3d6bcca361a452855c84453c3d69a359a70b9bffd3c97beb5,1.0,CC-BY-4.0-Zenodo-8261508,595,841,12.0,47,invoice,tr,split_bc966078a2f3e7dc,template22,true,true,true,true,true,true,0.6940536975789127,high,medium,medium,degraded,28.927871014016155,3.337217330932617,0,deterministic_stratified_fatura_dev_select,false
ocrbench_314fdf66891ff964,ocr-benchmark-8854b5f20deb6611,fatura_page_501fbbad4b3460,fatura_doc_0a36598da286fa,split_bc966078a2f3e7dc,fatura,invoices_dataset_final,dev_select,data/raw/public/fatura/invoices_dataset_final/images/Template22_Instance56.jpg,8556bb91d0e3061b9bb5abf005870c8e368f57d39dc5b8ba00d7118cee7878eb,data/processed/normalized_ie_annotations/fatura/fatura_page_501fbbad4b3460.json,6f8d0cd96124c7a93df6d2a97e5d1d9e34f0cc22916dcd7e136146d568fad62b,1.0,CC-BY-4.0-Zenodo-8261508,595,841,26.0,51,invoice,tr,split_bc966078a2f3e7dc,template22,true,true,true,true,true,true,0.937767163940487,high,high,medium,degraded,29.864219126933527,3.9150688648223877,0,deterministic_stratified_fatura_dev_select,false
ocrbench_1c3439d17a87dd5a,ocr-benchmark-8854b5f20deb6611,fatura_page_5175ff103c2784,fatura_doc_b044b4b424ab3b,split_a4efa0cdee4a6265,fatura,invoices_dataset_final,dev_select,data/raw/public/fatura/invoices_dataset_final/images/Template15_Instance9.jpg,0cf7e3abe7ee4497a0a615cb6cc767df0de1b38d62249a9c1669b60fa9d537df,data/processed/normalized_ie_annotations/fatura/fatura_page_5175ff103c2784.json,962cc680435b0d78c104ced73c619a4be5ca72b96cc17867da4f9675300a87f1,1.0,CC-BY-4.0-Zenodo-8261508,595,841,26.0,50,invoice,tr,split_a4efa0cdee4a6265,template15,true,true,true,true,true,true,0.9872920392889617,high,high,medium,degraded,28.96504355315438,4.4758429527282715,37,deterministic_stratified_fatura_dev_select,false
ocrbench_bc7192289839345e,ocr-benchmark-8854b5f20deb6611,fatura_page_51789aeb515344,fatura_doc_d693f31d851f63,split_75cdb402ea07f82a,fatura,invoices_dataset_final,dev_select,data/raw/public/fatura/invoices_dataset_final/images/Template10_Instance112.jpg,c9abbcc4731491a42803b3d0aa2fac39f5b4cec00ca582ae44fec44b5f3da45a,data/processed/normalized_ie_annotations/fatura/fatura_page_51789aeb515344.json,5557272094b7cf17bed1abffa5634004615d05653bf21f7d2f4d86f5928c328e,1.0,CC-BY-4.0-Zenodo-8261508,595,841,22.0,66,invoice,tr,split_75cdb402ea07f82a,template10,true,true,true,true,true,true,1.0,high,medium,medium,degraded,29.05892053384103,4.93300199508667,0,deterministic_stratified_fatura_dev_select,false
ocrbench_1fcf61b5d38e09fe,ocr-benchmark-8854b5f20deb6611,fatura_page_529fb75fa201e5,fatura_doc_8f2235b16f89ad,split_756bcf3b3f388853,fatura,invoices_dataset_final,dev_select,data/raw/public/fatura/invoices_dataset_final/images/Template10_Instance148.jpg,b5fb57f4583f6d97a6a8e58544295160f3e757dc9dad23a5035ab31617239a28,data/processed/normalized_ie_annotations/fatura/fatura_page_529fb75fa201e5.json,fed3986584b620df3558097379e06ba4ed3a187588671c79a1bab1c421f87b03,1.0,CC-BY-4.0-Zenodo-8261508,595,841,46.0,94,invoice,tr,split_756bcf3b3f388853,splitgrp_2babd2ae51cd6c,true,true,true,true,true,true,1.0,high,high,medium,degraded,30.460546387351293,5.613339900970459,0,deterministic_stratified_fatura_dev_select,false
ocrbench_f0f7a6e79d150880,ocr-benchmark-8854b5f20deb6611,fatura_page_52bf9392f6b242,fatura_doc_cf54beac946c32,split_75cdb402ea07f82a,fatura,invoices_dataset_final,dev_select,data/raw/public/fatura/invoices_dataset_final/images/Template10_Instance0.jpg,b28202f6c98e0f67776d4cb45474f5888ea9f6aac61698ccc3217f0958b5ee33,data/processed/normalized_ie_annotations/fatura/fatura_page_52bf9392f6b242.json,8acf4c5e308a02aae3f6bd426fe71bf40d0b943515f74d4d1d64e83086ebb543,1.0,CC-BY-4.0-Zenodo-8261508,595,841,22.0,69,invoice,tr,split_75cdb402ea07f82a,template10,true,true,true,true,true,true,1.0,high,medium,medium,degraded,28.54442839975477,4.471868991851807,0,deterministic_stratified_fatura_dev_select,false
ocrbench_d4dd7132a1e2bcee,ocr-benchmark-8854b5f20deb6611,fatura_page_54f93662c49da7,fatura_doc_fbc4cc68053491,split_a4efa0cdee4a6265,fatura,invoices_dataset_final,dev_select,data/raw/public/fatura/invoices_dataset_final/images/Template15_Instance188.jpg,1cba8a06711310f5802bf24644aff10a1115e4a70708241b57d914defa066e20,data/processed/normalized_ie_annotations/fatura/fatura_page_54f93662c49da7.json,fd05546af875ffe9d46dc7e72d9cf0b566ab9d6907fa25c7fce4efc9e5d9b26b,1.0,CC-BY-4.0-Zenodo-8261508,595,841,26.0,47,invoice,tr,split_a4efa0cdee4a6265,template15,true,true,true,true,true,true,0.8698807941726037,high,high,medium,degraded,29.27033345145645,4.865869998931885,0,deterministic_stratified_fatura_dev_select,false
ocrbench_ead3ee7209fc8c71,ocr-benchmark-8854b5f20deb6611,fatura_page_5527e9ad4a7893,fatura_doc_8e83f6f130ca5b,split_bc966078a2f3e7dc,fatura,invoices_dataset_final,dev_select,data/raw/public/fatura/invoices_dataset_final/images/Template22_Instance36.jpg,bb8b151c21067d20dd827035e456b0f1b5cd08972c63f41ec5ba534b71906006,data/processed/normalized_ie_annotations/fatura/fatura_page_5527e9ad4a7893.json,af190371fa745790de69479b8bd4756998a3e280b321d2727f7a6a849d87c5d7,1.0,CC-BY-4.0-Zenodo-8261508,595,841,12.0,45,invoice,tr,split_bc966078a2f3e7dc,template22,true,true,true,true,true,true,0.7637226590993116,high,medium,medium,degraded,29.12180323074432,3.401076555252075,0,deterministic_stratified_fatura_dev_select,false
ocrbench_8a61bc1b7c3c8fef,ocr-benchmark-8854b5f20deb6611,fatura_page_55862861749b1c,fatura_doc_08b9f2c1a12430,split_99182dd71253ff36,fatura,invoices_dataset_final,dev_select,data/raw/public/fatura/invoices_dataset_final/images/Template38_Instance198.jpg,66fd2242d77f3676d2531769ac94cec0f0a8e166d7204a06fca896f229b5f2e7,data/processed/normalized_ie_annotations/fatura/fatura_page_55862861749b1c.json,8553c20f8f9b9495245a70bf7f95b4f31825d89e7f4c497d5f1e748c94470156,1.0,CC-BY-4.0-Zenodo-8261508,595,841,26.0,82,invoice,tr,split_99182dd71253ff36,template38,true,true,true,true,true,true,1.0,high,high,medium,degraded,30.698161521206963,5.922637939453125,0,deterministic_stratified_fatura_dev_select,false
ocrbench_20446bb4f5935dc7,ocr-benchmark-8854b5f20deb6611,fatura_page_55ef2bf7baf5c8,fatura_doc_afb88a0a47887b,split_75cdb402ea07f82a,fatura,invoices_dataset_final,dev_select,data/raw/public/fatura/invoices_dataset_final/images/Template10_Instance23.jpg,8367a106edb302cd6cb090f3024d3910bc353cdc822b6a0778bf8f661a675cdd,data/processed/normalized_ie_annotations/fatura/fatura_page_55ef2bf7baf5c8.json,55fe8e620950e5a6d429d842617c4fe6a20a732fc842535b66a4f6774360f2ed,1.0,CC-BY-4.0-Zenodo-8261508,595,841,46.0,91,invoice,tr,split_75cdb402ea07f82a,template10,true,true,true,true,true,true,1.0,high,high,medium,degraded,30.500877390470368,5.603906631469727,0,deterministic_stratified_fatura_dev_select,false
ocrbench_8ae99dd14846085c,ocr-benchmark-8854b5f20deb6611,fatura_page_5704433d7ec4c4,fatura_doc_8374debe2d97dd,split_bc966078a2f3e7dc,fatura,invoices_dataset_final,dev_select,data/raw/public/fatura/invoices_dataset_final/images/Template22_Instance35.jpg,304b2b712ae2ff7d47e63b27af64b12494a8abf79f3bc79fd44c392ca2195468,data/processed/normalized_ie_annotations/fatura/fatura_page_5704433d7ec4c4.json,ae69466e3075bded89c3790d97c4e83f2621bc516a4d6dead8f4d78557091fc4,1.0,CC-BY-4.0-Zenodo-8261508,595,841,12.0,48,invoice,tr,split_bc966078a2f3e7dc,template22,true,true,true,true,true,true,0.755387244077179,high,medium,medium,degraded,29.78736638101146,4.014526844024658,0,deterministic_stratified_fatura_dev_select,false
ocrbench_9e79ee713ede55b3,ocr-benchmark-8854b5f20deb6611,fatura_page_579cce928e6ead,fatura_doc_31b8edefeea626,split_bc966078a2f3e7dc,fatura,invoices_dataset_final,dev_select,data/raw/public/fatura/invoices_dataset_final/images/Template22_Instance12.jpg,ce296b0e29d0b0c457781b73b93d12a7ac9af922df6b2dc3b9fd556f0636bc3e,data/processed/normalized_ie_annotations/fatura/fatura_page_579cce928e6ead.json,77ece782dc101a928f4ab3a5ac35b8d8f9c0a1ca4de098e022421dd9f55539ca,1.0,CC-BY-4.0-Zenodo-8261508,595,841,26.0,49,invoice,tr,split_bc966078a2f3e7dc,template22,true,true,true,true,true,true,0.8056355479171454,high,high,medium,degraded,29.47289423458943,3.5206751823425293,0,deterministic_stratified_fatura_dev_select,false
ocrbench_d8d607b4e2ec0c6e,ocr-benchmark-8854b5f20deb6611,fatura_page_57ed88c3cf6d96,fatura_doc_8cf12318fd20db,split_a4efa0cdee4a6265,fatura,invoices_dataset_final,dev_select,data/raw/public/fatura/invoices_dataset_final/images/Template15_Instance23.jpg,645a3717e1f83596b94dc2d1de9895709eb14053f91c90464ac1133edceb6d8c,data/processed/normalized_ie_annotations/fatura/fatura_page_57ed88c3cf6d96.json,a10a0db0d2ea726c0551a4f5f5a77f0eed288c84e472fac3db1238c077d5bbc5,1.0,CC-BY-4.0-Zenodo-8261508,595,841,26.0,49,invoice,tr,split_a4efa0cdee4a6265,template15,true,true,true,true,true,true,0.8868833621439063,high,high,medium,degraded,28.233289515879644,4.085855007171631,37,deterministic_stratified_fatura_dev_select,false
ocrbench_2e32d1a3444c1f2b,ocr-benchmark-8854b5f20deb6611,fatura_page_585df68b2339e2,fatura_doc_91164c619e887c,split_a4efa0cdee4a6265,fatura,invoices_dataset_final,dev_select,data/raw/public/fatura/invoices_dataset_final/images/Template15_Instance150.jpg,1566cd927ed2462ed1698ec1e2b4a55d9b151a8cba425a1681aef808dadae25a,data/processed/normalized_ie_annotations/fatura/fatura_page_585df68b2339e2.json,2cc3c9e8927c4b65309f183fecd07e078c1598a4ebb28c3aa295cb424f4a8bd2,1.0,CC-BY-4.0-Zenodo-8261508,595,841,26.0,48,invoice,tr,split_a4efa0cdee4a6265,template15,true,true,true,true,true,true,0.884461275592282,high,high,medium,degraded,29.768070935521735,5.0174150466918945,0,deterministic_stratified_fatura_dev_select,false
ocrbench_aaee71584547a11e,ocr-benchmark-8854b5f20deb6611,fatura_page_58d8cba39cd69a,fatura_doc_09f196ddc5eb05,split_bc966078a2f3e7dc,fatura,invoices_dataset_final,dev_select,data/raw/public/fatura/invoices_dataset_final/images/Template22_Instance155.jpg,32780d50c282373f87a1f8e8d20555a04b36e699c8b3994cdeba756240afaeb6,data/processed/normalized_ie_annotations/fatura/fatura_page_58d8cba39cd69a.json,591411a1d30623b39506d029f81fa4361ae7b7471d7ef366044285380bbc5a92,1.0,CC-BY-4.0-Zenodo-8261508,595,841,26.0,50,invoice,tr,split_bc966078a2f3e7dc,template22,true,true,true,true,true,true,0.8717752975149632,high,high,medium,degraded,29.860651414393097,4.007955551147461,0,deterministic_stratified_fatura_dev_select,false
ocrbench_8183f81bbfe5438e,ocr-benchmark-8854b5f20deb6611,fatura_page_59d3246d250900,fatura_doc_9ff4aa91cbf084,split_c372ccc2dc1037ce,fatura,invoices_dataset_final,dev_select,data/raw/public/fatura/invoices_dataset_final/images/Template32_Instance192.jpg,c48d4321d3f3e4720e4a1b7287e65d8b3b00ab0de0f2594cb50053b98f16f296,data/processed/normalized_ie_annotations/fatura/fatura_page_59d3246d250900.json,5eaffc29b53b93d15e421504f157f66ce575d59e7f4ff40daf77611f81bed049,1.0,CC-BY-4.0-Zenodo-8261508,595,841,26.0,50,invoice,tr,split_c372ccc2dc1037ce,template32,true,true,true,true,true,true,0.9302730842634319,high,high,medium,degraded,31.440514635391107,4.228572845458984,0,deterministic_stratified_fatura_dev_select,false
ocrbench_ed0eb66f514a0d13,ocr-benchmark-8854b5f20deb6611,fatura_page_5b370ed5de53a5,fatura_doc_4290d01d90d94d,split_bc966078a2f3e7dc,fatura,invoices_dataset_final,dev_select,data/raw/public/fatura/invoices_dataset_final/images/Template22_Instance177.jpg,c92c36351b0a5d3d7c0fe13b80d3840ca04deafa9e922e7521ea8bb94b16fd9b,data/processed/normalized_ie_annotations/fatura/fatura_page_5b370ed5de53a5.json,88bec572d559b53b8ffe5f9df1030dfbc9245382400c5a8103d0d3f95d114bfe,1.0,CC-BY-4.0-Zenodo-8261508,595,841,12.0,50,invoice,tr,split_bc966078a2f3e7dc,template22,true,true,true,true,true,true,0.8534617652054877,high,medium,medium,degraded,29.959365189763414,4.0484700202941895,0,deterministic_stratified_fatura_dev_select,false
ocrbench_8e8fe1c77138e45c,ocr-benchmark-8854b5f20deb6611,fatura_page_5bcef5df8c5908,fatura_doc_e666c83c9589d9,split_a4efa0cdee4a6265,fatura,invoices_dataset_final,dev_select,data/raw/public/fatura/invoices_dataset_final/images/Template15_Instance88.jpg,d63bc5b0992809b4f15010aa7aeca04f99283cf8ea3e116f72be04dd42b4206c,data/processed/normalized_ie_annotations/fatura/fatura_page_5bcef5df8c5908.json,4a491c602b712a747dfbd7ef7d8407bd39a70cc8ece37d628662647f02ca7958,1.0,CC-BY-4.0-Zenodo-8261508,595,841,26.0,51,invoice,tr,split_a4efa0cdee4a6265,template15,true,true,true,true,true,true,0.9412004516432019,high,high,medium,degraded,29.970137702080155,5.001574516296387,37,deterministic_stratified_fatura_dev_select,false
ocrbench_5ba4a9c3d28e58e6,ocr-benchmark-8854b5f20deb6611,fatura_page_5d451570741168,fatura_doc_c491641f8bb17c,split_75cdb402ea07f82a,fatura,invoices_dataset_final,dev_select,data/raw/public/fatura/invoices_dataset_final/images/Template10_Instance8.jpg,c8e896a0a15d732e78a661fd179e86355ddfede0557714593feede4e7a5f3cc6,data/processed/normalized_ie_annotations/fatura/fatura_page_5d451570741168.json,27c87371a253c5fccba5ccf08de7d1a25cd21c624d750cf09ba5967c6e95d606,1.0,CC-BY-4.0-Zenodo-8261508,595,841,22.0,70,invoice,tr,split_75cdb402ea07f82a,template10,true,true,true,true,true,true,1.0,high,medium,medium,degraded,28.881754304162786,4.6902570724487305,0,deterministic_stratified_fatura_dev_select,false
ocrbench_0bac59bf94234ae4,ocr-benchmark-8854b5f20deb6611,fatura_page_6119df8d4fdcd6,fatura_doc_09229ab10ce944,split_c372ccc2dc1037ce,fatura,invoices_dataset_final,dev_select,data/raw/public/fatura/invoices_dataset_final/images/Template32_Instance57.jpg,4a34288eb16aa4adac27ea5ad65aec1406c7c21fea49d85658751973b4d0b1de,data/processed/normalized_ie_annotations/fatura/fatura_page_6119df8d4fdcd6.json,21d27a8363a9e7ca24ad76b3954f700aa69d3ce06feaf26b65ad4d68a6745a24,1.0,CC-BY-4.0-Zenodo-8261508,595,841,26.0,58,invoice,tr,split_c372ccc2dc1037ce,template32,true,true,true,true,true,true,1.0,high,high,medium,degraded,31.44857539686509,4.112204551696777,0,deterministic_stratified_fatura_dev_select,false
ocrbench_ef4b6605975aed14,ocr-benchmark-8854b5f20deb6611,fatura_page_61eb719870d816,fatura_doc_d196be0398a429,split_75cdb402ea07f82a,fatura,invoices_dataset_final,dev_select,data/raw/public/fatura/invoices_dataset_final/images/Template10_Instance108.jpg,62bf3e29adc91a00cfca68a71b6b5f94404c7fbd2f424c4e9c68841036e9a493,data/processed/normalized_ie_annotations/fatura/fatura_page_61eb719870d816.json,1a8b64efb99bab680fa03f01c399887dae2b770d0da8b44ab122c8618f680a26,1.0,CC-BY-4.0-Zenodo-8261508,595,841,46.0,91,invoice,tr,split_75cdb402ea07f82a,template10,true,true,true,true,true,true,1.0,high,high,medium,degraded,29.540171575404845,4.994091987609863,0,deterministic_stratified_fatura_dev_select,false
ocrbench_8781d2c5707b3e47,ocr-benchmark-8854b5f20deb6611,fatura_page_627a37c03d4f31,fatura_doc_d6a7928dfdd1a1,split_75cdb402ea07f82a,fatura,invoices_dataset_final,dev_select,data/raw/public/fatura/invoices_dataset_final/images/Template10_Instance47.jpg,13168e1d23b2cf4a530e4f8a82fa5c4e89185ad5612f224ba68efd4b3732658c,data/processed/normalized_ie_annotations/fatura/fatura_page_627a37c03d4f31.json,74692eca08e6246b8206c8286d51444d1ed4b0874a4bb825617f2ef2bec446ba,1.0,CC-BY-4.0-Zenodo-8261508,595,841,22.0,72,invoice,tr,split_75cdb402ea07f82a,template10,true,true,true,true,true,true,1.0,high,medium,medium,degraded,28.804981339746924,4.674747943878174,37,deterministic_stratified_fatura_dev_select,false
ocrbench_826984db7b7d74c4,ocr-benchmark-8854b5f20deb6611,fatura_page_638381e466d8b4,fatura_doc_0458df88a8cc3a,split_bc966078a2f3e7dc,fatura,invoices_dataset_final,dev_select,data/raw/public/fatura/invoices_dataset_final/images/Template22_Instance85.jpg,5796ec11e4577e59240884ffdf6755d3ff1fcf8c800994766912c502b8c6cdbf,data/processed/normalized_ie_annotations/fatura/fatura_page_638381e466d8b4.json,0ae7984da9ab2a3b3f982292b1e083194a6eaa22ca16345c30a6db871db188e7,1.0,CC-BY-4.0-Zenodo-8261508,595,841,12.0,50,invoice,tr,split_bc966078a2f3e7dc,template22,true,true,true,true,true,true,0.8471707351192558,high,medium,medium,degraded,29.043954985455535,3.3538269996643066,0,deterministic_stratified_fatura_dev_select,false
ocrbench_55c8d0d408fefb47,ocr-benchmark-8854b5f20deb6611,fatura_page_6391d0c23a2bbc,fatura_doc_10f009411fd1ed,split_c372ccc2dc1037ce,fatura,invoices_dataset_final,dev_select,data/raw/public/fatura/invoices_dataset_final/images/Template32_Instance78.jpg,708391fccd4584f6a9908dc078302bbfab2fcc7f58b6d57619cf4f9c5004ec75,data/processed/normalized_ie_annotations/fatura/fatura_page_6391d0c23a2bbc.json,c602da1e8e4b7e1bf47a51245f6772dd05e05f1da800eceee1a9c81bea500225,1.0,CC-BY-4.0-Zenodo-8261508,595,841,26.0,50,invoice,tr,split_c372ccc2dc1037ce,template32,true,true,true,true,true,true,0.8691933372635617,high,high,medium,degraded,31.18141228372484,4.133859634399414,0,deterministic_stratified_fatura_dev_select,false
ocrbench_d64807d925b5a715,ocr-benchmark-8854b5f20deb6611,fatura_page_65ab27c0590775,fatura_doc_8f7227ae2e74e5,split_75cdb402ea07f82a,fatura,invoices_dataset_final,dev_select,data/raw/public/fatura/invoices_dataset_final/images/Template10_Instance160.jpg,a09383e7d4ca9b41498a191acc09fce8bcf283fa85a07edf820b89986963b98f,data/processed/normalized_ie_annotations/fatura/fatura_page_65ab27c0590775.json,ba8a496aad76e2bcd1ae3281fcf4415b3476bc95cf53ab4f1a7e281cb4b7ad30,1.0,CC-BY-4.0-Zenodo-8261508,595,841,22.0,71,invoice,tr,split_75cdb402ea07f82a,template10,true,true,true,true,true,true,1.0,high,medium,medium,degraded,29.05503564668006,4.849780559539795,0,deterministic_stratified_fatura_dev_select,false
ocrbench_cd38fa678139de3e,ocr-benchmark-8854b5f20deb6611,fatura_page_65bb307cf5e703,fatura_doc_28c0aea00e808b,split_bc966078a2f3e7dc,fatura,invoices_dataset_final,dev_select,data/raw/public/fatura/invoices_dataset_final/images/Template22_Instance165.jpg,66db15aa5ffc4df12b40b9a689664de4287afcfd2fcf45b201a236ff12c6af68,data/processed/normalized_ie_annotations/fatura/fatura_page_65bb307cf5e703.json,40fd42c878771320952b45387d62ab66b8fae29594ec9b865542411340fc47e4,1.0,CC-BY-4.0-Zenodo-8261508,595,841,12.0,47,invoice,tr,split_bc966078a2f3e7dc,template22,true,true,true,true,true,true,0.8537275552313672,high,medium,medium,degraded,29.402078661235826,3.5964407920837402,0,deterministic_stratified_fatura_dev_select,false
ocrbench_e351099dc667d27c,ocr-benchmark-8854b5f20deb6611,fatura_page_661a733baf822e,fatura_doc_92bfea2482b75e,split_c372ccc2dc1037ce,fatura,invoices_dataset_final,dev_select,data/raw/public/fatura/invoices_dataset_final/images/Template32_Instance186.jpg,46d37bf66a0d24ea3bca4f0ad8963c8e7a14a0cdc8a0ac2a9488b7a0757287d2,data/processed/normalized_ie_annotations/fatura/fatura_page_661a733baf822e.json,8dbf4b31ec750d784de5ced4b2860c7651be01b3fe3f0c9acfbed2eff861596a,1.0,CC-BY-4.0-Zenodo-8261508,595,841,26.0,47,invoice,tr,split_c372ccc2dc1037ce,template32,true,true,true,true,true,true,0.744012230338033,high,high,medium,degraded,30.538298415975284,3.80819034576416,37,deterministic_stratified_fatura_dev_select,false
ocrbench_5a374adddc10c998,ocr-benchmark-8854b5f20deb6611,fatura_page_66407c4f9df8bb,fatura_doc_6d9ef89592f96a,split_99182dd71253ff36,fatura,invoices_dataset_final,dev_select,data/raw/public/fatura/invoices_dataset_final/images/Template38_Instance154.jpg,f3be1e2fed9c710fbf0f2ea3d6a1db79c0fd82d31b9e8670b5ea03d5d6f801ec,data/processed/normalized_ie_annotations/fatura/fatura_page_66407c4f9df8bb.json,3447da32073cb15e9b92648e255a771b861adbd53849a6c90815c45bee1cb30f,1.0,CC-BY-4.0-Zenodo-8261508,595,841,26.0,78,invoice,tr,split_99182dd71253ff36,template38,true,true,true,true,true,true,1.0,high,high,medium,degraded,29.184239070485315,5.210966110229492,0,deterministic_stratified_fatura_dev_select,false
ocrbench_dce5177d00918373,ocr-benchmark-8854b5f20deb6611,fatura_page_6653839fc7e86e,fatura_doc_7a9ae874436123,split_75cdb402ea07f82a,fatura,invoices_dataset_final,dev_select,data/raw/public/fatura/invoices_dataset_final/images/Template10_Instance64.jpg,00ec79616313cd80855f5ba1cc7a2c847a91d9366e5efd9ef992cc235f8396ba,data/processed/normalized_ie_annotations/fatura/fatura_page_6653839fc7e86e.json,ee2236f505a7e6fd5803e4481825624ed41263f9368c73298f8cc8c815d07ef4,1.0,CC-BY-4.0-Zenodo-8261508,595,841,22.0,72,invoice,tr,split_75cdb402ea07f82a,template10,true,true,true,true,true,true,1.0,high,medium,medium,degraded,29.146763051421157,4.773227691650391,0,deterministic_stratified_fatura_dev_select,false
ocrbench_9b9b78fab223b7bf,ocr-benchmark-8854b5f20deb6611,fatura_page_67198ccca415d1,fatura_doc_b2a3ead38bb588,split_a4efa0cdee4a6265,fatura,invoices_dataset_final,dev_select,data/raw/public/fatura/invoices_dataset_final/images/Template15_Instance124.jpg,28f3e1fd6fd322fed8bc267f80ff79f74bd90b6289e855c185e5a02c75ee0316,data/processed/normalized_ie_annotations/fatura/fatura_page_67198ccca415d1.json,ae36df3c9591e6fa36e1dd3cb1259918035bb397019fbce6bd2d23d84cb89cc0,1.0,CC-BY-4.0-Zenodo-8261508,595,841,26.0,51,invoice,tr,split_a4efa0cdee4a6265,template15,true,true,true,true,true,true,0.9916805723478452,high,high,medium,degraded,29.40928662506804,4.875284194946289,0,deterministic_stratified_fatura_dev_select,false
ocrbench_74e6282edf697ec3,ocr-benchmark-8854b5f20deb6611,fatura_page_673254e1dddd2d,fatura_doc_14ac561189478c,split_99182dd71253ff36,fatura,invoices_dataset_final,dev_select,data/raw/public/fatura/invoices_dataset_final/images/Template38_Instance35.jpg,89b4d9e19fe066f350ec04e7252acb409b3c24b3943224286d81a82b2fdf2b04,data/processed/normalized_ie_annotations/fatura/fatura_page_673254e1dddd2d.json,74283d8a8cf74c02212d2581436d813e1f31d63932d0dbbab9fa2988a73f28f4,1.0,CC-BY-4.0-Zenodo-8261508,595,841,46.0,103,invoice,tr,split_99182dd71253ff36,template38,true,true,true,true,true,true,1.0,high,high,medium,degraded,31.12877738847495,6.2829790115356445,37,deterministic_stratified_fatura_dev_select,false
ocrbench_0c12fde23484122f,ocr-benchmark-8854b5f20deb6611,fatura_page_6771042b0a7b20,fatura_doc_ca8b910ff54c91,split_75cdb402ea07f82a,fatura,invoices_dataset_final,dev_select,data/raw/public/fatura/invoices_dataset_final/images/Template10_Instance57.jpg,280128fcabf48d317cc52fdcfec5d2f4216b270892d09e429e02fa7b297e317b,data/processed/normalized_ie_annotations/fatura/fatura_page_6771042b0a7b20.json,05221d17def9b09e5cd28f5b19facadbbc7ae709d240bb4958c8140271313987,1.0,CC-BY-4.0-Zenodo-8261508,595,841,22.0,69,invoice,tr,split_75cdb402ea07f82a,template10,true,true,true,true,true,true,1.0,high,medium,medium,degraded,29.21110208642951,4.97052001953125,37,deterministic_stratified_fatura_dev_select,false
ocrbench_7de39e85d114815c,ocr-benchmark-8854b5f20deb6611,fatura_page_67db1da16fea1d,fatura_doc_4609790d474e13,split_75cdb402ea07f82a,fatura,invoices_dataset_final,dev_select,data/raw/public/fatura/invoices_dataset_final/images/Template10_Instance36.jpg,abd0855aa8f918ba8564d1d4f8c263c45b35c87f4b4dd26f9640cd0a7cd605f2,data/processed/normalized_ie_annotations/fatura/fatura_page_67db1da16fea1d.json,c3bdb9d0d334c8b72ea626546fe4b18a395241faff4066039f564d33047dac0e,1.0,CC-BY-4.0-Zenodo-8261508,595,841,22.0,69,invoice,tr,split_75cdb402ea07f82a,template10,true,true,true,true,true,true,1.0,high,medium,medium,degraded,28.959774665775832,4.776205062866211,37,deterministic_stratified_fatura_dev_select,false
ocrbench_3b95c72fd10ae417,ocr-benchmark-8854b5f20deb6611,fatura_page_683c169e7ad6a5,fatura_doc_0a8058f5e7f40f,split_c372ccc2dc1037ce,fatura,invoices_dataset_final,dev_select,data/raw/public/fatura/invoices_dataset_final/images/Template32_Instance49.jpg,9abe0fdb44a06b970e33c94d75be8f59a7a8f65d2d2d96c15108618f06ac502a,data/processed/normalized_ie_annotations/fatura/fatura_page_683c169e7ad6a5.json,1f7cdc5c15579e699bcd208be8e33c4aad8c69a5f6e7b3db48f5b7a9b2cf0b9e,1.0,CC-BY-4.0-Zenodo-8261508,595,841,26.0,48,invoice,tr,split_c372ccc2dc1037ce,template32,true,true,true,true,true,true,0.8955485166718292,high,high,medium,degraded,31.116646913397553,4.071009635925293,0,deterministic_stratified_fatura_dev_select,false
ocrbench_4be7339b54888bfd,ocr-benchmark-8854b5f20deb6611,fatura_page_68608348144482,fatura_doc_ade9267f1993c2,split_bc966078a2f3e7dc,fatura,invoices_dataset_final,dev_select,data/raw/public/fatura/invoices_dataset_final/images/Template22_Instance67.jpg,1f876510c796c3a6f4e422f1b5282f728dc6bc0ecbe7a85b164374db1612d799,data/processed/normalized_ie_annotations/fatura/fatura_page_68608348144482.json,d4e497b3f0a9d0fc00666ee722d5765533fa698f04a6dd62d1ef09bf0cb64433,1.0,CC-BY-4.0-Zenodo-8261508,595,841,26.0,53,invoice,tr,split_bc966078a2f3e7dc,template22,true,true,true,true,true,true,0.9725037220595729,high,high,medium,degraded,30.038280742413807,4.0294647216796875,0,deterministic_stratified_fatura_dev_select,false
ocrbench_748ffb5cda2b351d,ocr-benchmark-8854b5f20deb6611,fatura_page_688394e17d0bb8,fatura_doc_2db7889834cab0,split_a4efa0cdee4a6265,fatura,invoices_dataset_final,dev_select,data/raw/public/fatura/invoices_dataset_final/images/Template15_Instance191.jpg,2181b53216ef694146584dab944c535175e0b161ed49c968cc61da1b21867fdc,data/processed/normalized_ie_annotations/fatura/fatura_page_688394e17d0bb8.json,5257a099e216030cec68aff199f1391f27b6b8b26aa3a1d4c85b1b16f58a1a61,1.0,CC-BY-4.0-Zenodo-8261508,595,841,26.0,51,invoice,tr,split_a4efa0cdee4a6265,template15,true,true,true,true,true,true,0.8695930215130048,high,high,medium,degraded,28.89260248913167,4.678314208984375,0,deterministic_stratified_fatura_dev_select,false
ocrbench_2509fba230b84e7c,ocr-benchmark-8854b5f20deb6611,fatura_page_69374bf3c3460a,fatura_doc_ecea301e13017f,split_bc966078a2f3e7dc,fatura,invoices_dataset_final,dev_select,data/raw/public/fatura/invoices_dataset_final/images/Template22_Instance116.jpg,ab46a3e1d183297e7ddc92c3c6646f8851273a77aeebeed676ce99231abb53ca,data/processed/normalized_ie_annotations/fatura/fatura_page_69374bf3c3460a.json,d18bc832a7de114d9880e0affc97a1a4f5da03a6d1119e065bc6c721b1fe880e,1.0,CC-BY-4.0-Zenodo-8261508,595,841,26.0,56,invoice,tr,split_bc966078a2f3e7dc,template22,true,true,true,true,true,true,0.9207306228079817,high,high,medium,degraded,30.00381676078663,3.8827061653137207,0,deterministic_stratified_fatura_dev_select,false
ocrbench_c8eda209abd04557,ocr-benchmark-8854b5f20deb6611,fatura_page_696b6e44e091a5,fatura_doc_abbbc3121e8f83,split_99182dd71253ff36,fatura,invoices_dataset_final,dev_select,data/raw/public/fatura/invoices_dataset_final/images/Template38_Instance173.jpg,21cf7d27832957351a23c82811e778118c85811ae0f0475644d9b1cd77369ac6,data/processed/normalized_ie_annotations/fatura/fatura_page_696b6e44e091a5.json,0408d662c2f88acf281847653b9dcb37fbe60ad5166a1aa0e10d5327c45c24c6,1.0,CC-BY-4.0-Zenodo-8261508,595,841,26.0,80,invoice,tr,split_99182dd71253ff36,template38,true,true,true,true,true,true,1.0,high,high,medium,degraded,30.121705876007457,5.519099712371826,0,deterministic_stratified_fatura_dev_select,false
ocrbench_96e53e861e945c2f,ocr-benchmark-8854b5f20deb6611,fatura_page_697b18920a931a,fatura_doc_de579d83fcf2b8,split_a4efa0cdee4a6265,fatura,invoices_dataset_final,dev_select,data/raw/public/fatura/invoices_dataset_final/images/Template15_Instance117.jpg,89b69c602f8ffca114bd902f47bd6bc7e7027195ba6a34739662e72accfc8afa,data/processed/normalized_ie_annotations/fatura/fatura_page_697b18920a931a.json,ecba9f709a3f53d90b30422004eb7e83c2d8ecc363c653c20042a285c6d78fe2,1.0,CC-BY-4.0-Zenodo-8261508,595,841,26.0,49,invoice,tr,split_a4efa0cdee4a6265,template15,true,true,true,true,true,true,0.8206237072712557,high,high,medium,degraded,28.06695563146219,4.044491291046143,0,deterministic_stratified_fatura_dev_select,false
ocrbench_6e8dcce9a93672a5,ocr-benchmark-8854b5f20deb6611,fatura_page_69dc6caf8d3885,fatura_doc_78056192f39e46,split_99182dd71253ff36,fatura,invoices_dataset_final,dev_select,data/raw/public/fatura/invoices_dataset_final/images/Template38_Instance151.jpg,277309fc4d36861af25328c0b0adb5f4245e6495f61a7bb5f437f6a73e2697f6,data/processed/normalized_ie_annotations/fatura/fatura_page_69dc6caf8d3885.json,86d19c3e87ec808095772762feb2dba9f9532c5a10dba12f651de749c48f7b17,1.0,CC-BY-4.0-Zenodo-8261508,595,841,46.0,104,invoice,tr,split_99182dd71253ff36,template38,true,true,true,true,true,true,1.0,high,high,medium,degraded,32.78472845603654,7.400224685668945,37,deterministic_stratified_fatura_dev_select,false
ocrbench_f27bcd68c97f4dfd,ocr-benchmark-8854b5f20deb6611,fatura_page_6b6c70194abb95,fatura_doc_32874968aa6301,split_bc966078a2f3e7dc,fatura,invoices_dataset_final,dev_select,data/raw/public/fatura/invoices_dataset_final/images/Template22_Instance68.jpg,0eb9a30e58d331b6866cdf25aebc98ead58991e2b6bd2228413864028df30d46,data/processed/normalized_ie_annotations/fatura/fatura_page_6b6c70194abb95.json,8e7e35bb12929cb8d60248ebe44d917b7683ab8357cb96bdb82d9df0d6dfaae0,1.0,CC-BY-4.0-Zenodo-8261508,595,841,26.0,57,invoice,tr,split_bc966078a2f3e7dc,template22,true,true,true,true,true,true,1.0,high,high,medium,degraded,30.44142736312108,4.183969974517822,0,deterministic_stratified_fatura_dev_select,false
ocrbench_ad7b69978f4d5b81,ocr-benchmark-8854b5f20deb6611,fatura_page_6c56e7a5a602cf,fatura_doc_8ce53b07d3bfee,split_c372ccc2dc1037ce,fatura,invoices_dataset_final,dev_select,data/raw/public/fatura/invoices_dataset_final/images/Template32_Instance89.jpg,0a1a97880681652047bee9acf34de9be1ec140d3e4d5c8cd16b1d0e6ef36a6b0,data/processed/normalized_ie_annotations/fatura/fatura_page_6c56e7a5a602cf.json,b0b264725f240a07d64a6c55c9a23861823709e28321456c6efb1ff62dbc0e7f,1.0,CC-BY-4.0-Zenodo-8261508,595,841,26.0,48,invoice,tr,split_c372ccc2dc1037ce,template32,true,true,true,true,true,true,0.7793603053587665,high,high,medium,degraded,30.794444572366068,3.9061717987060547,0,deterministic_stratified_fatura_dev_select,false
ocrbench_0ff89fa441e3c5ff,ocr-benchmark-8854b5f20deb6611,fatura_page_6c7f25fb54f1e3,fatura_doc_c557879b305d1a,split_a4efa0cdee4a6265,fatura,invoices_dataset_final,dev_select,data/raw/public/fatura/invoices_dataset_final/images/Template15_Instance76.jpg,dbc68ded68944854c0ea94ef1198696fc0a3887f82e6adbfc92122a2e6d085f8,data/processed/normalized_ie_annotations/fatura/fatura_page_6c7f25fb54f1e3.json,b545306613d758b9877e46de17e55204d19bf12f06b25904bb0eea357e04e279,1.0,CC-BY-4.0-Zenodo-8261508,595,841,26.0,50,invoice,tr,split_a4efa0cdee4a6265,template15,true,true,true,true,true,true,0.942663295996163,high,high,medium,degraded,28.557136369553827,4.3408427238464355,0,deterministic_stratified_fatura_dev_select,false
ocrbench_a4ccd6a029914a78,ocr-benchmark-8854b5f20deb6611,fatura_page_6e83f998dc269b,fatura_doc_06ba99b32c3811,split_756bcf3b3f388853,fatura,invoices_dataset_final,dev_select,data/raw/public/fatura/invoices_dataset_final/images/Template10_Instance181.jpg,b5c09303af6926676439421fd1dba19b61646b52d514e5c1a1b0b63f504a08fd,data/processed/normalized_ie_annotations/fatura/fatura_page_6e83f998dc269b.json,2878de4ca8e435c175a5bf9ee4bd294159c3f76078f8c367ddf1fce82db500bd,1.0,CC-BY-4.0-Zenodo-8261508,595,841,22.0,70,invoice,tr,split_756bcf3b3f388853,splitgrp_2babd2ae51cd6c,true,true,true,true,true,true,1.0,high,medium,medium,degraded,28.519911066004408,4.523279666900635,0,deterministic_stratified_fatura_dev_select,false
ocrbench_5576389b6de555b1,ocr-benchmark-8854b5f20deb6611,fatura_page_6eb006b97d7178,fatura_doc_843108db898079,split_a4efa0cdee4a6265,fatura,invoices_dataset_final,dev_select,data/raw/public/fatura/invoices_dataset_final/images/Template15_Instance101.jpg,97bf06b62fc7fb168d557dddc6eccc22182ac3cf0d8eb2aac3c47b8aebdf0b61,data/processed/normalized_ie_annotations/fatura/fatura_page_6eb006b97d7178.json,5d8034b4f349310b08dd4e6355848f1cd2e62990e6d8ab537f70ec16dcb0e109,1.0,CC-BY-4.0-Zenodo-8261508,595,841,26.0,47,invoice,tr,split_a4efa0cdee4a6265,template15,true,true,true,true,true,true,0.8776986180917076,high,high,medium,degraded,29.54028023382141,4.9967145919799805,0,deterministic_stratified_fatura_dev_select,false
ocrbench_3fa0946c592878d7,ocr-benchmark-8854b5f20deb6611,fatura_page_70207be1c99871,fatura_doc_2af8954a185bcb,split_c372ccc2dc1037ce,fatura,invoices_dataset_final,dev_select,data/raw/public/fatura/invoices_dataset_final/images/Template32_Instance73.jpg,91e88dc755004017710af07982088c11a3b60cbf7a7fc03383b4ad16797595bd,data/processed/normalized_ie_annotations/fatura/fatura_page_70207be1c99871.json,a44088b9e62c253d2fa35d024ec8d177c379eb78d21fa58a8171e0c8e88761a8,1.0,CC-BY-4.0-Zenodo-8261508,595,841,26.0,49,invoice,tr,split_c372ccc2dc1037ce,template32,true,true,true,true,true,true,0.8609918164649927,high,high,medium,degraded,30.902636597911798,3.9448962211608887,0,deterministic_stratified_fatura_dev_select,false
ocrbench_a0f7be64dbb5f094,ocr-benchmark-8854b5f20deb6611,fatura_page_717092027d8dbd,fatura_doc_0e25514fbcad42,split_75cdb402ea07f82a,fatura,invoices_dataset_final,dev_select,data/raw/public/fatura/invoices_dataset_final/images/Template10_Instance185.jpg,c5d5a04ad7d8f2e7b27bcd143c0729c90efc7da3e086103b44c8cbfffbcfa058,data/processed/normalized_ie_annotations/fatura/fatura_page_717092027d8dbd.json,bd48ea954190c0b2c498320143a292636e7152220785d26712df26a4cf7a1ec4,1.0,CC-BY-4.0-Zenodo-8261508,595,841,22.0,70,invoice,tr,split_75cdb402ea07f82a,template10,true,true,true,true,true,true,1.0,high,medium,medium,degraded,29.537033859805263,5.0928192138671875,0,deterministic_stratified_fatura_dev_select,false
ocrbench_53faccb3cd77f1ff,ocr-benchmark-8854b5f20deb6611,fatura_page_73323b02f6d46b,fatura_doc_56c1c3e81ccd36,split_75cdb402ea07f82a,fatura,invoices_dataset_final,dev_select,data/raw/public/fatura/invoices_dataset_final/images/Template10_Instance56.jpg,2fc83f329786e727dd3310100a1b58abe51924f4793ca3441cee9c72420f85e7,data/processed/normalized_ie_annotations/fatura/fatura_page_73323b02f6d46b.json,c826256d7588613f1a4a284f69f94e5c8a49c1b63b1052d0c258168073a70e8d,1.0,CC-BY-4.0-Zenodo-8261508,595,841,26.0,81,invoice,tr,split_75cdb402ea07f82a,template10,true,true,true,true,true,true,1.0,high,high,medium,degraded,29.250793362044817,4.773373126983643,0,deterministic_stratified_fatura_dev_select,false
ocrbench_7d2a5ecaeb624808,ocr-benchmark-8854b5f20deb6611,fatura_page_735ac737623043,fatura_doc_e3ad73171ddeee,split_75cdb402ea07f82a,fatura,invoices_dataset_final,dev_select,data/raw/public/fatura/invoices_dataset_final/images/Template10_Instance27.jpg,c96a073c11d0eebe9324f1fe4ae0088c0b92cbbe5134abac41dfbd0f29c4c647,data/processed/normalized_ie_annotations/fatura/fatura_page_735ac737623043.json,62fa082fff1e8f2223c8b5af1ac7d861d3cced7ec0c28dce1722b7fb0d6428cc,1.0,CC-BY-4.0-Zenodo-8261508,595,841,26.0,70,invoice,tr,split_75cdb402ea07f82a,template10,true,true,true,true,true,true,1.0,high,high,medium,degraded,28.745660105401715,4.611002445220947,37,deterministic_stratified_fatura_dev_select,false
ocrbench_3d1d9549385d1a5e,ocr-benchmark-8854b5f20deb6611,fatura_page_74ce94c1d927aa,fatura_doc_ca32af0e180ac6,split_bc966078a2f3e7dc,fatura,invoices_dataset_final,dev_select,data/raw/public/fatura/invoices_dataset_final/images/Template22_Instance87.jpg,81797b590562b7db20a3c2b84f821716f3334c82fd9cdd5db165289d133be9f2,data/processed/normalized_ie_annotations/fatura/fatura_page_74ce94c1d927aa.json,387bb1ab3a8e0613fc07d046e69e5082ea287abf0e3f642381a5d74d21eff77c,1.0,CC-BY-4.0-Zenodo-8261508,595,841,26.0,52,invoice,tr,split_bc966078a2f3e7dc,template22,true,true,true,true,true,true,0.8459077328910161,high,high,medium,degraded,29.46388587831589,3.6562705039978027,0,deterministic_stratified_fatura_dev_select,false
ocrbench_b0f4371bf4a9b725,ocr-benchmark-8854b5f20deb6611,fatura_page_7713a21d2831df,fatura_doc_324e69ff242de0,split_a4efa0cdee4a6265,fatura,invoices_dataset_final,dev_select,data/raw/public/fatura/invoices_dataset_final/images/Template15_Instance19.jpg,0a16c2c301b3153a13caa5f0f4d25da522df2af694ac10eda7cbdda9f97249d1,data/processed/normalized_ie_annotations/fatura/fatura_page_7713a21d2831df.json,5a197042e6be13746a62af881c20d2e127ee87b9a531b1f5d3d936d27b10c7e7,1.0,CC-BY-4.0-Zenodo-8261508,595,841,26.0,50,invoice,tr,split_a4efa0cdee4a6265,template15,true,true,true,true,true,true,0.9512005515642642,high,high,medium,degraded,29.217347730231445,4.525891304016113,0,deterministic_stratified_fatura_dev_select,false
ocrbench_2c001508129b5138,ocr-benchmark-8854b5f20deb6611,fatura_page_771c595b19dd5f,fatura_doc_e87f4dfc2c8b87,split_75cdb402ea07f82a,fatura,invoices_dataset_final,dev_select,data/raw/public/fatura/invoices_dataset_final/images/Template10_Instance58.jpg,43d01153e7526c6b3de8da2f08f1c8c399e3092bd3dcb54d9da4ef1e67fb5792,data/processed/normalized_ie_annotations/fatura/fatura_page_771c595b19dd5f.json,e91efcd74d81f5d87130b490e62127ac6a3da988850ff6033930095f519d93e9,1.0,CC-BY-4.0-Zenodo-8261508,595,841,26.0,80,invoice,tr,split_75cdb402ea07f82a,template10,true,true,true,true,true,true,1.0,high,high,medium,degraded,30.06701394936195,5.292962074279785,0,deterministic_stratified_fatura_dev_select,false
ocrbench_124d32700fd788fc,ocr-benchmark-8854b5f20deb6611,fatura_page_779ea1c349f432,fatura_doc_6be57dbd3da76f,split_75cdb402ea07f82a,fatura,invoices_dataset_final,dev_select,data/raw/public/fatura/invoices_dataset_final/images/Template10_Instance169.jpg,f9f8d1194100f36f6f01a62f77f19a3d36eb475b7a3d3c293e05677526d3113a,data/processed/normalized_ie_annotations/fatura/fatura_page_779ea1c349f432.json,5c997a250ea2186ee8938f7bef928e767012d6cce9fed64b1b793467a50e1b95,1.0,CC-BY-4.0-Zenodo-8261508,595,841,46.0,92,invoice,tr,split_75cdb402ea07f82a,template10,true,true,true,true,true,true,1.0,high,high,medium,degraded,30.43030254447934,5.484274864196777,0,deterministic_stratified_fatura_dev_select,false
ocrbench_18c481b49774966d,ocr-benchmark-8854b5f20deb6611,fatura_page_7a8f5473c2184c,fatura_doc_fc01baa5ec6086,split_c372ccc2dc1037ce,fatura,invoices_dataset_final,dev_select,data/raw/public/fatura/invoices_dataset_final/images/Template32_Instance80.jpg,fd1bcdb8b3e9fa32942f400919e8ce9c1484f48cc6500350dc5c8bfbce716b6e,data/processed/normalized_ie_annotations/fatura/fatura_page_7a8f5473c2184c.json,e0b47ec99281e6a1eda23bda71c79fb3cc7a87a86f376a5c9b17193c0980ef83,1.0,CC-BY-4.0-Zenodo-8261508,595,841,26.0,55,invoice,tr,split_c372ccc2dc1037ce,template32,true,true,true,true,true,true,1.0,high,high,medium,degraded,31.683890961056218,4.401345252990723,0,deterministic_stratified_fatura_dev_select,false
ocrbench_6c8a7955d64720d2,ocr-benchmark-8854b5f20deb6611,fatura_page_7b7bf1a7c5580a,fatura_doc_c446174e4df514,split_99182dd71253ff36,fatura,invoices_dataset_final,dev_select,data/raw/public/fatura/invoices_dataset_final/images/Template38_Instance0.jpg,802c28fe4912c1d8a2e928c20f3a2082514483baa2337d062c05a3cf9a419cbe,data/processed/normalized_ie_annotations/fatura/fatura_page_7b7bf1a7c5580a.json,5ecaa21bcb161dc647966a9e2758506b6b3737499021875716fc54e7cc24c19d,1.0,CC-BY-4.0-Zenodo-8261508,595,841,46.0,102,invoice,tr,split_99182dd71253ff36,template38,true,true,true,true,true,true,1.0,high,high,medium,degraded,31.925197494725598,7.052584648132324,37,deterministic_stratified_fatura_dev_select,false
ocrbench_1bfa6fd1a2744516,ocr-benchmark-8854b5f20deb6611,fatura_page_7c581f26eb5f7d,fatura_doc_72abf29d67f1e8,split_99182dd71253ff36,fatura,invoices_dataset_final,dev_select,data/raw/public/fatura/invoices_dataset_final/images/Template38_Instance140.jpg,a084f259305b617a4b41eca3e642442eb7e81662a1b3c1d1a92756fe9108e8bc,data/processed/normalized_ie_annotations/fatura/fatura_page_7c581f26eb5f7d.json,593593b1c5980f54337341a25ff1aef35314f4ff2a672d8e6fdd243d30e8f9c5,1.0,CC-BY-4.0-Zenodo-8261508,595,841,26.0,89,invoice,tr,split_99182dd71253ff36,template38,true,true,true,true,true,true,1.0,high,high,medium,degraded,30.546382234895244,5.947319507598877,0,deterministic_stratified_fatura_dev_select,false
ocrbench_38b1685d8b4f55bc,ocr-benchmark-8854b5f20deb6611,fatura_page_7cd88de97925e0,fatura_doc_84e6a867ada33e,split_75cdb402ea07f82a,fatura,invoices_dataset_final,dev_select,data/raw/public/fatura/invoices_dataset_final/images/Template10_Instance25.jpg,529283e85bda1b6806f5152a2750b0b2788d8d8f550a884f98111f86327f9303,data/processed/normalized_ie_annotations/fatura/fatura_page_7cd88de97925e0.json,8e06b9e763c59614bb73fadc72447db595545c33e1fef3b98d6915ac3b81ab0a,1.0,CC-BY-4.0-Zenodo-8261508,595,841,22.0,69,invoice,tr,split_75cdb402ea07f82a,template10,true,true,true,true,true,true,1.0,high,medium,medium,degraded,29.101462557627876,4.822206497192383,37,deterministic_stratified_fatura_dev_select,false
ocrbench_d70a23312b7744fc,ocr-benchmark-8854b5f20deb6611,fatura_page_7d5546026d8629,fatura_doc_1c2c25e16959ef,split_bc966078a2f3e7dc,fatura,invoices_dataset_final,dev_select,data/raw/public/fatura/invoices_dataset_final/images/Template22_Instance59.jpg,662dc0b2b6aa7797a5a1279bc79d75bf6d8f3bc0e63811ac43695cc2ad4438a2,data/processed/normalized_ie_annotations/fatura/fatura_page_7d5546026d8629.json,482a5958d324d6a6069cc7391646c4566ea65799f7d591f5613844525d9aca34,1.0,CC-BY-4.0-Zenodo-8261508,595,841,26.0,56,invoice,tr,split_bc966078a2f3e7dc,template22,true,true,true,true,true,true,0.8564414112850848,high,high,medium,degraded,29.867943906161877,3.722536563873291,0,deterministic_stratified_fatura_dev_select,false
ocrbench_ebc053bb2de5ed4f,ocr-benchmark-8854b5f20deb6611,fatura_page_7d6796fcd4750c,fatura_doc_4c23f07dc0fd46,split_75cdb402ea07f82a,fatura,invoices_dataset_final,dev_select,data/raw/public/fatura/invoices_dataset_final/images/Template10_Instance28.jpg,8d661c1c2317e5b89996d68615ce153d2951933d429a116bc0e2c319f37c8a55,data/processed/normalized_ie_annotations/fatura/fatura_page_7d6796fcd4750c.json,1ef898f4dd295c9fe432df415df725868d98b675c33921770b402dc0a8babb4c,1.0,CC-BY-4.0-Zenodo-8261508,595,841,22.0,72,invoice,tr,split_75cdb402ea07f82a,template10,true,true,true,true,true,true,1.0,high,medium,medium,degraded,28.859881951078417,4.762277126312256,0,deterministic_stratified_fatura_dev_select,false
ocrbench_6c6c5a14f4264305,ocr-benchmark-8854b5f20deb6611,fatura_page_7d8623d7b280b4,fatura_doc_33dfffc7dbc84b,split_929a3cca33f05b1f,fatura,invoices_dataset_final,dev_select,data/raw/public/fatura/invoices_dataset_final/images/Template2_Instance153.jpg,073cbacd9ec03ec3f69969d1c2ebd90ca206cab6491efeaed371f3b51daa4b23,data/processed/normalized_ie_annotations/fatura/fatura_page_7d8623d7b280b4.json,54b4309559a27e939ce8c49806e72ced9ccf3b592e492d91b460fddd6d057fde,1.0,CC-BY-4.0-Zenodo-8261508,595,841,26.0,51,invoice,tr,split_929a3cca33f05b1f,splitgrp_bc744745bf0387,true,true,true,true,true,true,0.821231227330409,high,high,medium,degraded,29.634807617002345,4.659585952758789,37,deterministic_stratified_fatura_dev_select,false
ocrbench_2db4a55137a1f567,ocr-benchmark-8854b5f20deb6611,fatura_page_7e317b0ae54549,fatura_doc_f3bd6e463f3ee5,split_75cdb402ea07f82a,fatura,invoices_dataset_final,dev_select,data/raw/public/fatura/invoices_dataset_final/images/Template10_Instance65.jpg,4fc4a4ca6b2a991bb35dcde04fd2a1cfe5f78a3cb33c44aecb1d95e31851d034,data/processed/normalized_ie_annotations/fatura/fatura_page_7e317b0ae54549.json,23861238884d032bc3a8851694a00ce07b5a534694cad44c62d89a3837148fea,1.0,CC-BY-4.0-Zenodo-8261508,595,841,22.0,68,invoice,tr,split_75cdb402ea07f82a,template10,true,true,true,true,true,true,1.0,high,medium,medium,degraded,28.35718730028574,4.408073902130127,0,deterministic_stratified_fatura_dev_select,false
ocrbench_2cdca81e4b9681ad,ocr-benchmark-8854b5f20deb6611,fatura_page_7ed1bbc5b1083d,fatura_doc_db283de405494c,split_bc966078a2f3e7dc,fatura,invoices_dataset_final,dev_select,data/raw/public/fatura/invoices_dataset_final/images/Template22_Instance102.jpg,8d0f1c867bbb29d1fabb10aeece6d4263c2151b912ac74cc2ec41b8bf68ee720,data/processed/normalized_ie_annotations/fatura/fatura_page_7ed1bbc5b1083d.json,b89d6fc7e824c2ba1758a40ab95a9dd44537652a9d9ab830703f8df3815d8bf9,1.0,CC-BY-4.0-Zenodo-8261508,595,841,26.0,50,invoice,tr,split_bc966078a2f3e7dc,template22,true,true,true,true,true,true,0.9022871931174372,high,high,medium,degraded,29.431009109752285,3.4718847274780273,0,deterministic_stratified_fatura_dev_select,false
ocrbench_81bd61deee22868a,ocr-benchmark-8854b5f20deb6611,fatura_page_7f43047f03953a,fatura_doc_635a3344361a10,split_75cdb402ea07f82a,fatura,invoices_dataset_final,dev_select,data/raw/public/fatura/invoices_dataset_final/images/Template10_Instance61.jpg,82a7df46809eb7dbb2105aa00a0ad80b76b71cd078cc90594a23a0394836c339,data/processed/normalized_ie_annotations/fatura/fatura_page_7f43047f03953a.json,a6b91d61e11943b5f5410a2e904801f47abe1ba52a9e6b1d824beacef2fc9f49,1.0,CC-BY-4.0-Zenodo-8261508,595,841,22.0,71,invoice,tr,split_75cdb402ea07f82a,template10,true,true,true,true,true,true,1.0,high,medium,medium,degraded,29.387885066530057,5.08174467086792,0,deterministic_stratified_fatura_dev_select,false
ocrbench_0b307479bea91a9b,ocr-benchmark-8854b5f20deb6611,fatura_page_7f4a370fca71b0,fatura_doc_9559a870c8ea24,split_75cdb402ea07f82a,fatura,invoices_dataset_final,dev_select,data/raw/public/fatura/invoices_dataset_final/images/Template10_Instance186.jpg,b54ab74f1b48b2dbf0c5e853789b7b9168c143ba599373b40f60669194d59294,data/processed/normalized_ie_annotations/fatura/fatura_page_7f4a370fca71b0.json,4f6746d72204cf717ce0eddf7d1607910260e06168362d4990124c21a0188cae,1.0,CC-BY-4.0-Zenodo-8261508,595,841,46.0,91,invoice,tr,split_75cdb402ea07f82a,template10,true,true,true,true,true,true,1.0,high,high,medium,degraded,29.91588748807634,5.1335601806640625,37,deterministic_stratified_fatura_dev_select,false
ocrbench_bea156c08fb9fe7c,ocr-benchmark-8854b5f20deb6611,fatura_page_81ac69a313a142,fatura_doc_a1f616f116eea6,split_bc966078a2f3e7dc,fatura,invoices_dataset_final,dev_select,data/raw/public/fatura/invoices_dataset_final/images/Template22_Instance103.jpg,b1533edd62e81e4c2096e3625f6cb1978f2f874f3d57a4e80d2cad3d2a63ffa2,data/processed/normalized_ie_annotations/fatura/fatura_page_81ac69a313a142.json,27658c0402ba7e5fe659162c89266af455c7cfea9698374a0c3a0bc9329f6c00,1.0,CC-BY-4.0-Zenodo-8261508,595,841,26.0,50,invoice,tr,split_bc966078a2f3e7dc,template22,true,true,true,true,true,true,0.9263282007214301,high,high,medium,degraded,30.08208968322854,4.131989479064941,37,deterministic_stratified_fatura_dev_select,false
ocrbench_1f4c46179ae63f64,ocr-benchmark-8854b5f20deb6611,fatura_page_8264ea7780c18f,fatura_doc_9fee9631c10a19,split_75cdb402ea07f82a,fatura,invoices_dataset_final,dev_select,data/raw/public/fatura/invoices_dataset_final/images/Template10_Instance137.jpg,5cb4fcb26a40cccc8160d7ba84d5e475caea6503f8afd65246b855a2bd41105b,data/processed/normalized_ie_annotations/fatura/fatura_page_8264ea7780c18f.json,a865229b134d969a5b965e6d6272cd877936e3346d30158612ed6a764a92505e,1.0,CC-BY-4.0-Zenodo-8261508,595,841,46.0,91,invoice,tr,split_75cdb402ea07f82a,template10,true,true,true,true,true,true,1.0,high,high,medium,degraded,30.295328398287026,5.564927101135254,37,deterministic_stratified_fatura_dev_select,false
ocrbench_60f0f75593761d50,ocr-benchmark-8854b5f20deb6611,fatura_page_83e596b964d09e,fatura_doc_d5fe000579964b,split_bc966078a2f3e7dc,fatura,invoices_dataset_final,dev_select,data/raw/public/fatura/invoices_dataset_final/images/Template22_Instance15.jpg,b4aa15de358322010cf1ecf7c5c4780bdf71f4a48532fc3abd3a1dcf7b65882d,data/processed/normalized_ie_annotations/fatura/fatura_page_83e596b964d09e.json,71c731c24e09dd48b0128e37c50612d4d773172c3e73b39a4af1d2655b031922,1.0,CC-BY-4.0-Zenodo-8261508,595,841,26.0,56,invoice,tr,split_bc966078a2f3e7dc,template22,true,true,true,true,true,true,0.9052268707720901,high,high,medium,degraded,30.387842756842364,4.287504196166992,0,deterministic_stratified_fatura_dev_select,false
ocrbench_d98bacdf852dc757,ocr-benchmark-8854b5f20deb6611,fatura_page_8442f86a04c49e,fatura_doc_f8dcce9e86aac8,split_75cdb402ea07f82a,fatura,invoices_dataset_final,dev_select,data/raw/public/fatura/invoices_dataset_final/images/Template10_Instance123.jpg,9ca05cc4dfce6a8af9b317b76ad94c309179b8a5ba2eecd02461e7ed64d53002,data/processed/normalized_ie_annotations/fatura/fatura_page_8442f86a04c49e.json,e966c2bb01247640a70d613551b43eec373a565edb43188336bc93998f0ca571,1.0,CC-BY-4.0-Zenodo-8261508,595,841,22.0,71,invoice,tr,split_75cdb402ea07f82a,template10,true,true,true,true,true,true,1.0,high,medium,medium,degraded,28.572325308107484,4.508489608764648,0,deterministic_stratified_fatura_dev_select,false
ocrbench_13a613946f4f461c,ocr-benchmark-8854b5f20deb6611,fatura_page_859437945f73a8,fatura_doc_77962977ff4ee6,split_99182dd71253ff36,fatura,invoices_dataset_final,dev_select,data/raw/public/fatura/invoices_dataset_final/images/Template38_Instance108.jpg,6e25a27622c876c07ec512a2f9e733e41aa30274daa1760c3f25fd5babbc1367,data/processed/normalized_ie_annotations/fatura/fatura_page_859437945f73a8.json,95a9179e3ceaaa515234f2d02253aac282d73b4a8c2dcfb52464586bebccf449,1.0,CC-BY-4.0-Zenodo-8261508,595,841,46.0,105,invoice,tr,split_99182dd71253ff36,template38,true,true,true,true,true,true,1.0,high,high,medium,degraded,31.18891019681409,6.1812639236450195,0,deterministic_stratified_fatura_dev_select,false
ocrbench_bfdac914a8c4c8da,ocr-benchmark-8854b5f20deb6611,fatura_page_8852b76fd23af2,fatura_doc_2ff52e67085f7d,split_c372ccc2dc1037ce,fatura,invoices_dataset_final,dev_select,data/raw/public/fatura/invoices_dataset_final/images/Template32_Instance6.jpg,8c448274df84cbef9bfec66a5d9fa0656f6b68b4ba6937aff0ff46f8b78c8658,data/processed/normalized_ie_annotations/fatura/fatura_page_8852b76fd23af2.json,d147872b370963265d5e853316fb8cca2b4d75477fa93170cf383128c7fd7d5f,1.0,CC-BY-4.0-Zenodo-8261508,595,841,26.0,55,invoice,tr,split_c372ccc2dc1037ce,template32,true,true,true,true,true,true,1.0,high,high,medium,degraded,32.054497810411064,4.663965702056885,0,deterministic_stratified_fatura_dev_select,false
ocrbench_1422520707fb6200,ocr-benchmark-8854b5f20deb6611,fatura_page_885ec7f6fb94bd,fatura_doc_de8f51754e98a9,split_bc966078a2f3e7dc,fatura,invoices_dataset_final,dev_select,data/raw/public/fatura/invoices_dataset_final/images/Template22_Instance186.jpg,17e697fb8c419306f58e4a90ac6a1b3932e05760f71dc664966cb8857ef2b57f,data/processed/normalized_ie_annotations/fatura/fatura_page_885ec7f6fb94bd.json,90f34639df439ea2e0af8f98a28aa93265be4ec83cbf06eafcb5f6e90170b9c6,1.0,CC-BY-4.0-Zenodo-8261508,595,841,12.0,48,invoice,tr,split_bc966078a2f3e7dc,template22,true,true,true,true,true,true,0.9074351262502623,high,medium,medium,degraded,29.529744809388983,3.6758766174316406,0,deterministic_stratified_fatura_dev_select,false
ocrbench_74734723bce3bae6,ocr-benchmark-8854b5f20deb6611,fatura_page_8bea554be4d87b,fatura_doc_8d129fd8f17c64,split_a4efa0cdee4a6265,fatura,invoices_dataset_final,dev_select,data/raw/public/fatura/invoices_dataset_final/images/Template15_Instance107.jpg,77526fe72d2baf769f08bfebf7a5ecd6f7641bbca0ba4807e5be6aa1317bf471,data/processed/normalized_ie_annotations/fatura/fatura_page_8bea554be4d87b.json,b87490611f3f523f6b9e3eac97fb541e4e88ce10493daf99bc0812d6bcc7077e,1.0,CC-BY-4.0-Zenodo-8261508,595,841,26.0,49,invoice,tr,split_a4efa0cdee4a6265,template15,true,true,true,true,true,true,0.8541732031694961,high,high,medium,degraded,28.867415734598293,4.721540927886963,0,deterministic_stratified_fatura_dev_select,false
ocrbench_87e4ca8868935fde,ocr-benchmark-8854b5f20deb6611,fatura_page_8cf4f3e3a20fb6,fatura_doc_391caccd6c1d1a,split_75cdb402ea07f82a,fatura,invoices_dataset_final,dev_select,data/raw/public/fatura/invoices_dataset_final/images/Template10_Instance38.jpg,b116a9e7201a0469485921fdddd2b1b18bc0986da7128ddf8f54d363f63b181d,data/processed/normalized_ie_annotations/fatura/fatura_page_8cf4f3e3a20fb6.json,83d5e335a7fe44421ee7087f75568cc1663981635020782b12670e3155c9b730,1.0,CC-BY-4.0-Zenodo-8261508,595,841,22.0,73,invoice,tr,split_75cdb402ea07f82a,template10,true,true,true,true,true,true,1.0,high,medium,medium,degraded,28.98239381938831,4.64096736907959,0,deterministic_stratified_fatura_dev_select,false
ocrbench_eb9767f6fc0006cc,ocr-benchmark-8854b5f20deb6611,fatura_page_8e5e467d5e7314,fatura_doc_a674dbededcba9,split_99182dd71253ff36,fatura,invoices_dataset_final,dev_select,data/raw/public/fatura/invoices_dataset_final/images/Template38_Instance5.jpg,97f643511046f34ab2be284fe9e8d33c94f522ecd78ccc1ca97ad4d2f37c77ef,data/processed/normalized_ie_annotations/fatura/fatura_page_8e5e467d5e7314.json,662e173e58580284dc991b8335267f1ea4c3709830c51db9d4720194588c7076,1.0,CC-BY-4.0-Zenodo-8261508,595,841,26.0,78,invoice,tr,split_99182dd71253ff36,template38,true,true,true,true,true,true,1.0,high,high,medium,degraded,29.04775773799585,5.119917869567871,0,deterministic_stratified_fatura_dev_select,false
ocrbench_d11166c0cef1187b,ocr-benchmark-8854b5f20deb6611,fatura_page_900283262d7ac4,fatura_doc_16494ea5d27c7c,split_c372ccc2dc1037ce,fatura,invoices_dataset_final,dev_select,data/raw/public/fatura/invoices_dataset_final/images/Template32_Instance23.jpg,b081deea3ea42ac82bf5e31d1790e0ed293eabf5b46edc6869738fbb23f453cc,data/processed/normalized_ie_annotations/fatura/fatura_page_900283262d7ac4.json,b3da368842716d89d563b7ba86a64d3c80ebe7c8fe73c88366c42653ac348946,1.0,CC-BY-4.0-Zenodo-8261508,595,841,26.0,49,invoice,tr,split_c372ccc2dc1037ce,template32,true,true,true,true,true,true,0.700246805024031,high,high,medium,degraded,30.46806184008788,3.6916255950927734,0,deterministic_stratified_fatura_dev_select,false
ocrbench_493a116e17ef4ca6,ocr-benchmark-8854b5f20deb6611,fatura_page_9005c629258a3b,fatura_doc_a0c0dc8f61fa61,split_c372ccc2dc1037ce,fatura,invoices_dataset_final,dev_select,data/raw/public/fatura/invoices_dataset_final/images/Template32_Instance141.jpg,727d8df44153cf0e9c388a9801a485af26fc8eb0740ff80d7eee47671c6f16eb,data/processed/normalized_ie_annotations/fatura/fatura_page_9005c629258a3b.json,8d4ceed72d814a0ae4dc388dd2cbd4c9968a2b112721bb42c9548e9a2ce44458,1.0,CC-BY-4.0-Zenodo-8261508,595,841,26.0,54,invoice,tr,split_c372ccc2dc1037ce,template32,true,true,true,true,true,true,0.9758131076449604,high,high,medium,degraded,31.31461438713907,4.050902366638184,0,deterministic_stratified_fatura_dev_select,false
ocrbench_df5bb942b3bf15f7,ocr-benchmark-8854b5f20deb6611,fatura_page_97360bc4d100b9,fatura_doc_e3a10f843b4f4f,split_a4efa0cdee4a6265,fatura,invoices_dataset_final,dev_select,data/raw/public/fatura/invoices_dataset_final/images/Template15_Instance93.jpg,3d695f8ab2635a259f8ee0d3b6e8d8ee2697edb8f6ae7f5aea169e7e5f230349,data/processed/normalized_ie_annotations/fatura/fatura_page_97360bc4d100b9.json,482318b92d0bf9a347944ab809c7915935e80634cb1793052108ad0d83a14993,1.0,CC-BY-4.0-Zenodo-8261508,595,841,26.0,50,invoice,tr,split_a4efa0cdee4a6265,template15,true,true,true,true,true,true,0.8403121533988149,high,high,medium,degraded,28.51326625416785,4.217901229858398,37,deterministic_stratified_fatura_dev_select,false
ocrbench_5f7926e50f9030a0,ocr-benchmark-8854b5f20deb6611,fatura_page_98226364217e13,fatura_doc_2341cf28e766bc,split_bc966078a2f3e7dc,fatura,invoices_dataset_final,dev_select,data/raw/public/fatura/invoices_dataset_final/images/Template22_Instance23.jpg,dcdbe190b476d653757cef8f426946b9d76f08d775a886bea031f80132879c66,data/processed/normalized_ie_annotations/fatura/fatura_page_98226364217e13.json,f346cdf5cca4a45895da30748b560a328b486e8666badba89f6588573ec3ec0f,1.0,CC-BY-4.0-Zenodo-8261508,595,841,12.0,45,invoice,tr,split_bc966078a2f3e7dc,template22,true,true,true,true,true,true,0.6373265120554762,high,medium,medium,degraded,28.911350994469668,3.315819263458252,0,deterministic_stratified_fatura_dev_select,false
ocrbench_2f102ed5d10e0116,ocr-benchmark-8854b5f20deb6611,fatura_page_98eb8d0900b3e5,fatura_doc_c02f3b50452fcf,split_99182dd71253ff36,fatura,invoices_dataset_final,dev_select,data/raw/public/fatura/invoices_dataset_final/images/Template38_Instance34.jpg,c030b59bb48039a60fccf5e65be6659a9168862bdfa75d4829d50de8e0479c8f,data/processed/normalized_ie_annotations/fatura/fatura_page_98eb8d0900b3e5.json,bebce6844680a41e7314ea7ff3c342acd731326fabc605123268df775731134c,1.0,CC-BY-4.0-Zenodo-8261508,595,841,26.0,90,invoice,tr,split_99182dd71253ff36,template38,true,true,true,true,true,true,1.0,high,high,medium,degraded,30.74900313422554,6.025380611419678,0,deterministic_stratified_fatura_dev_select,false
ocrbench_0fba6af2669401e1,ocr-benchmark-8854b5f20deb6611,fatura_page_99be5e2d9e363f,fatura_doc_9fd3d18bdd67c1,split_75cdb402ea07f82a,fatura,invoices_dataset_final,dev_select,data/raw/public/fatura/invoices_dataset_final/images/Template10_Instance117.jpg,9f2782faf49078843f702192bc7d4c62c7465c24474bcfa15fd6ca90aeb23495,data/processed/normalized_ie_annotations/fatura/fatura_page_99be5e2d9e363f.json,64adff036ba5a92a1d867d366f23f916d996aefc16e0eaf640aa3f14378f2687,1.0,CC-BY-4.0-Zenodo-8261508,595,841,26.0,79,invoice,tr,split_75cdb402ea07f82a,template10,true,true,true,true,true,true,1.0,high,high,medium,degraded,29.989682099722167,5.2502031326293945,37,deterministic_stratified_fatura_dev_select,false
ocrbench_39673a52da241154,ocr-benchmark-8854b5f20deb6611,fatura_page_9b604488f9b5ed,fatura_doc_744740d8ec56a3,split_75cdb402ea07f82a,fatura,invoices_dataset_final,dev_select,data/raw/public/fatura/invoices_dataset_final/images/Template10_Instance109.jpg,ebeaae2f4ec91fbd2ba1e5e5c58347f298762abe9d435b691adb22c0d0bc9f1d,data/processed/normalized_ie_annotations/fatura/fatura_page_9b604488f9b5ed.json,28c6274991447e2595b6e7a31ce8558d241bf35d01005905d1f3cd1749c31657,1.0,CC-BY-4.0-Zenodo-8261508,595,841,46.0,91,invoice,tr,split_75cdb402ea07f82a,template10,true,true,true,true,true,true,1.0,high,high,medium,degraded,30.11752587014326,5.313475608825684,0,deterministic_stratified_fatura_dev_select,false
ocrbench_b52cc056d0f7faa4,ocr-benchmark-8854b5f20deb6611,fatura_page_9c3e328bedafd6,fatura_doc_856fe34182f6ee,split_a4efa0cdee4a6265,fatura,invoices_dataset_final,dev_select,data/raw/public/fatura/invoices_dataset_final/images/Template15_Instance63.jpg,6f35755a7f5cbdb983708fd93dfdb28a37622f306462b6c4c9cd1685c42f350d,data/processed/normalized_ie_annotations/fatura/fatura_page_9c3e328bedafd6.json,e1b72b93978b1b60e3b418374b09923a6532a70ecd3f7f74dd62aa64e9a0e6d8,1.0,CC-BY-4.0-Zenodo-8261508,595,841,26.0,48,invoice,tr,split_a4efa0cdee4a6265,template15,true,true,true,true,true,true,0.8102159294157616,high,high,medium,degraded,27.900630602531372,3.966928482055664,0,deterministic_stratified_fatura_dev_select,false
ocrbench_5284cb77ac47e0d2,ocr-benchmark-8854b5f20deb6611,fatura_page_9df81181348bad,fatura_doc_b5d5a7b7f1a386,split_99182dd71253ff36,fatura,invoices_dataset_final,dev_select,data/raw/public/fatura/invoices_dataset_final/images/Template38_Instance113.jpg,5ffebbfb3b270aad09ca903be8ba2dda41221dca9f4c9be5e350c00f557e233d,data/processed/normalized_ie_annotations/fatura/fatura_page_9df81181348bad.json,8a271eba2e0a2fac03f3f65fe5bb5c3f46b8610a342183bd8f003fb20e2b50c9,1.0,CC-BY-4.0-Zenodo-8261508,595,841,46.0,103,invoice,tr,split_99182dd71253ff36,template38,true,true,true,true,true,true,1.0,high,high,medium,degraded,31.58929974816833,6.705513000488281,0,deterministic_stratified_fatura_dev_select,false
ocrbench_3341d28e03a9caa1,ocr-benchmark-8854b5f20deb6611,fatura_page_9e7bb273edd232,fatura_doc_704e29f0e4b380,split_c372ccc2dc1037ce,fatura,invoices_dataset_final,dev_select,data/raw/public/fatura/invoices_dataset_final/images/Template32_Instance198.jpg,de27bb5d11d2eca496a05b35d9871a715b662c060d45d30a0f746ae2c17c458b,data/processed/normalized_ie_annotations/fatura/fatura_page_9e7bb273edd232.json,fe48cfae199903f5b65c532404cf286b60c1d7b1352707f33d7bbf76710f0440,1.0,CC-BY-4.0-Zenodo-8261508,595,841,26.0,58,invoice,tr,split_c372ccc2dc1037ce,template32,true,true,true,true,true,true,1.0,high,high,medium,degraded,31.97715605107359,4.576695919036865,0,deterministic_stratified_fatura_dev_select,false
ocrbench_cac11ac9a0521fd9,ocr-benchmark-8854b5f20deb6611,fatura_page_9f22890c1dcdc3,fatura_doc_8ce5e202622cbf,split_a4efa0cdee4a6265,fatura,invoices_dataset_final,dev_select,data/raw/public/fatura/invoices_dataset_final/images/Template15_Instance196.jpg,7034fafbce4213e1b3e8ee465951f1a37b9d8cf8f9bf93b946d3ad8f5ec86919,data/processed/normalized_ie_annotations/fatura/fatura_page_9f22890c1dcdc3.json,dd5dc7d3c6e21173a0f2dd136553be43784928e05f1c720a38cbae59002ca377,1.0,CC-BY-4.0-Zenodo-8261508,595,841,26.0,51,invoice,tr,split_a4efa0cdee4a6265,template15,true,true,true,true,true,true,0.8926388153358846,high,high,medium,degraded,29.907637939579956,4.9444169998168945,0,deterministic_stratified_fatura_dev_select,false
ocrbench_263ba316e2ec06be,ocr-benchmark-8854b5f20deb6611,fatura_page_9f3fa451e4343d,fatura_doc_cc9cf7f4b3ed59,split_75cdb402ea07f82a,fatura,invoices_dataset_final,dev_select,data/raw/public/fatura/invoices_dataset_final/images/Template10_Instance155.jpg,534f2743efb1658977a7f18e3ed3e5403136f7887d6f0808dbc6fb1440d555a3,data/processed/normalized_ie_annotations/fatura/fatura_page_9f3fa451e4343d.json,8408978cb45772e851f9ac98582988b00214373673a80aa54a0113c4eca21498,1.0,CC-BY-4.0-Zenodo-8261508,595,841,22.0,71,invoice,tr,split_75cdb402ea07f82a,template10,true,true,true,true,true,true,1.0,high,medium,medium,degraded,28.86157321114956,4.74131965637207,0,deterministic_stratified_fatura_dev_select,false
ocrbench_bc3158a2b923a6df,ocr-benchmark-8854b5f20deb6611,fatura_page_a028aaf132b91a,fatura_doc_03d84e02554834,split_1075165e57ab3f5d,fatura,invoices_dataset_final,dev_select,data/raw/public/fatura/invoices_dataset_final/images/Template16_Instance171.jpg,c07d8cb2d18c48c0e17f98aa2ad0edb08fecd4753e48058707236622014bc6c1,data/processed/normalized_ie_annotations/fatura/fatura_page_a028aaf132b91a.json,649d427ea7556f7136a46092324adea6c4a1a9e4d9d17a0b3e4430267373c2bd,1.0,CC-BY-4.0-Zenodo-8261508,595,841,26.0,45,invoice,tr,split_1075165e57ab3f5d,splitgrp_f48b22ac4e56c6,true,true,true,true,true,true,0.7589764086371766,high,high,medium,degraded,37.141698329882686,4.462150573730469,0,deterministic_stratified_fatura_dev_select,false
ocrbench_6e1c374d7ec5fac9,ocr-benchmark-8854b5f20deb6611,fatura_page_a065a95645a3cb,fatura_doc_7688999805cb8a,split_99182dd71253ff36,fatura,invoices_dataset_final,dev_select,data/raw/public/fatura/invoices_dataset_final/images/Template38_Instance119.jpg,adbec724bb78141d3eba079c1bec148fba4b9326b67377da4294ea8c0e9365d9,data/processed/normalized_ie_annotations/fatura/fatura_page_a065a95645a3cb.json,ae35c4379438221c7c8d4579ede38f5d1853b26038796d9ab86a0ebb8041c90a,1.0,CC-BY-4.0-Zenodo-8261508,595,841,26.0,81,invoice,tr,split_99182dd71253ff36,template38,true,true,true,true,true,true,1.0,high,high,medium,degraded,30.37733596043351,6.067280292510986,0,deterministic_stratified_fatura_dev_select,false
ocrbench_ca979f0a87981c4f,ocr-benchmark-8854b5f20deb6611,fatura_page_a340f80b7cfd75,fatura_doc_bb1ccd31c5aa0b,split_bc966078a2f3e7dc,fatura,invoices_dataset_final,dev_select,data/raw/public/fatura/invoices_dataset_final/images/Template22_Instance119.jpg,aef969b666c95e611c8a31895259eb8d1e5a6ea1e109dd7a8ae70b0a0631ee94,data/processed/normalized_ie_annotations/fatura/fatura_page_a340f80b7cfd75.json,3cebaef929b3e7c78049fe4052d30bd3b0d36a1535569b66636c6f6a8a18da63,1.0,CC-BY-4.0-Zenodo-8261508,595,841,12.0,47,invoice,tr,split_bc966078a2f3e7dc,template22,true,true,true,true,true,true,0.7295876257756373,high,medium,medium,degraded,29.10681354066798,3.3805694580078125,0,deterministic_stratified_fatura_dev_select,false
ocrbench_24b38ec7b70aeeef,ocr-benchmark-8854b5f20deb6611,fatura_page_a4effe9aafd486,fatura_doc_f9ab602be5fbf3,split_c372ccc2dc1037ce,fatura,invoices_dataset_final,dev_select,data/raw/public/fatura/invoices_dataset_final/images/Template32_Instance22.jpg,0431726c3ed0c8670cc784aab27d010414dfe781437e52cc4d239a32b8c36504,data/processed/normalized_ie_annotations/fatura/fatura_page_a4effe9aafd486.json,a918f4c6b649b23707ac00f5b5e654047037426eeb99c15e73ea5a59cb7a6336,1.0,CC-BY-4.0-Zenodo-8261508,595,841,26.0,52,invoice,tr,split_c372ccc2dc1037ce,template32,true,true,true,true,true,true,0.9198413253529711,high,high,medium,degraded,31.071805134308757,4.0716352462768555,0,deterministic_stratified_fatura_dev_select,false
ocrbench_5e472f7cb2ea1e75,ocr-benchmark-8854b5f20deb6611,fatura_page_a505c92bbaef6e,fatura_doc_81ec9298aa3630,split_bc966078a2f3e7dc,fatura,invoices_dataset_final,dev_select,data/raw/public/fatura/invoices_dataset_final/images/Template22_Instance7.jpg,0c5b1bfbb1355a31ffd31fe7c7fcd553a84ea114fb3ea0dbc3fa05c8d69c12e9,data/processed/normalized_ie_annotations/fatura/fatura_page_a505c92bbaef6e.json,d10d9ed59d4fa1e00b1dd8676e53ddc97924d9e93c3d883ee97017e0f45a4398,1.0,CC-BY-4.0-Zenodo-8261508,595,841,12.0,49,invoice,tr,split_bc966078a2f3e7dc,template22,true,true,true,true,true,true,0.8021183265220476,high,medium,medium,degraded,29.143691572159476,3.4612221717834473,0,deterministic_stratified_fatura_dev_select,false
ocrbench_f88b8370cd3712bd,ocr-benchmark-8854b5f20deb6611,fatura_page_a5e2aad8baf6cd,fatura_doc_4455a3a6dc155a,split_bc966078a2f3e7dc,fatura,invoices_dataset_final,dev_select,data/raw/public/fatura/invoices_dataset_final/images/Template22_Instance13.jpg,7024ab17caf81e6be16455dbfe651046c1ffe0c51e2962cd528e5903665cd3bd,data/processed/normalized_ie_annotations/fatura/fatura_page_a5e2aad8baf6cd.json,70d04139869cbf27d1d63c6e16b637bcdd2d7212df49a278a48709674963460f,1.0,CC-BY-4.0-Zenodo-8261508,595,841,26.0,50,invoice,tr,split_bc966078a2f3e7dc,template22,true,true,true,true,true,true,0.8324903326372166,high,high,medium,degraded,29.56028709848145,3.8086624145507812,0,deterministic_stratified_fatura_dev_select,false
ocrbench_881df472fe933fdf,ocr-benchmark-8854b5f20deb6611,fatura_page_a6d42865c430cc,fatura_doc_3ddc526870e810,split_99182dd71253ff36,fatura,invoices_dataset_final,dev_select,data/raw/public/fatura/invoices_dataset_final/images/Template38_Instance54.jpg,c09e3d1a7f7cee3ff8394f9c72d7aca800ab17e48fb781ae9b6899673d68ff1e,data/processed/normalized_ie_annotations/fatura/fatura_page_a6d42865c430cc.json,94a01c3b3d45b4288d92344f55c9a0e2276c644481a0accadebac50fa8c39a12,1.0,CC-BY-4.0-Zenodo-8261508,595,841,46.0,104,invoice,tr,split_99182dd71253ff36,template38,true,true,true,true,true,true,1.0,high,high,medium,degraded,31.119324864204728,6.135693550109863,0,deterministic_stratified_fatura_dev_select,false
ocrbench_126da471fa18bdb1,ocr-benchmark-8854b5f20deb6611,fatura_page_a7f90136c5da76,fatura_doc_94f0aa97efe028,split_75cdb402ea07f82a,fatura,invoices_dataset_final,dev_select,data/raw/public/fatura/invoices_dataset_final/images/Template10_Instance3.jpg,30107b5831d54663efa12c77fefdceaf29bd9e006f8fd68257840eaa7a8de101,data/processed/normalized_ie_annotations/fatura/fatura_page_a7f90136c5da76.json,148dd3f378622265c32d33a16a8d6e4df3dc0bb695a04f42cb730d8d0df1106f,1.0,CC-BY-4.0-Zenodo-8261508,595,841,46.0,97,invoice,tr,split_75cdb402ea07f82a,template10,true,true,true,true,true,true,1.0,high,high,medium,degraded,30.224528687953274,5.252021789550781,0,deterministic_stratified_fatura_dev_select,false
ocrbench_e72a932ad5d52c3b,ocr-benchmark-8854b5f20deb6611,fatura_page_aaa232f5011587,fatura_doc_f36474017cacc4,split_bc966078a2f3e7dc,fatura,invoices_dataset_final,dev_select,data/raw/public/fatura/invoices_dataset_final/images/Template22_Instance27.jpg,fe79ea39dfbecc043df3599e10ad715f32743f4ba28b15d6888423637daa491a,data/processed/normalized_ie_annotations/fatura/fatura_page_aaa232f5011587.json,6f27bab89c79da46f6dfd7a87cdd74588da0959ab92605a717bae9131f1c05da,1.0,CC-BY-4.0-Zenodo-8261508,595,841,26.0,52,invoice,tr,split_bc966078a2f3e7dc,template22,true,true,true,true,true,true,0.9635028327621179,high,high,medium,degraded,30.115434409934924,4.037158966064453,37,deterministic_stratified_fatura_dev_select,false
ocrbench_95ca9b134b0acb3d,ocr-benchmark-8854b5f20deb6611,fatura_page_ab54f8a055d2d3,fatura_doc_d20e0982d25d29,split_bc966078a2f3e7dc,fatura,invoices_dataset_final,dev_select,data/raw/public/fatura/invoices_dataset_final/images/Template22_Instance129.jpg,eaa969e02f3e93ecdea2c5d1c16e8d87c1cbf789420cd82963cf538447f841a7,data/processed/normalized_ie_annotations/fatura/fatura_page_ab54f8a055d2d3.json,1fcbdc2d6860fc4b9c324194d267edbb21f3094e735201e1ea5f6ff5af4c478f,1.0,CC-BY-4.0-Zenodo-8261508,595,841,26.0,56,invoice,tr,split_bc966078a2f3e7dc,template22,true,true,true,true,true,true,0.921627913947981,high,high,medium,degraded,30.08602928437002,4.020362854003906,0,deterministic_stratified_fatura_dev_select,false
ocrbench_3afdd7fb9dacc369,ocr-benchmark-8854b5f20deb6611,fatura_page_b009dcadf0943d,fatura_doc_696828d60f9e42,split_bc966078a2f3e7dc,fatura,invoices_dataset_final,dev_select,data/raw/public/fatura/invoices_dataset_final/images/Template22_Instance151.jpg,9ca70cdba26ed2376675a9b7a5a4b5be12a711a9f866c34568c179c71432af91,data/processed/normalized_ie_annotations/fatura/fatura_page_b009dcadf0943d.json,ec823466af9a040830cdb726bb71430ca104811d91900ed9c9929c6253d0053e,1.0,CC-BY-4.0-Zenodo-8261508,595,841,12.0,49,invoice,tr,split_bc966078a2f3e7dc,template22,true,true,true,true,true,true,0.7104147723298594,high,medium,medium,degraded,29.191766244846846,3.389145612716675,0,deterministic_stratified_fatura_dev_select,false
ocrbench_ab1b2124dbeaba99,ocr-benchmark-8854b5f20deb6611,fatura_page_b0239159a3f1a8,fatura_doc_309beb0dbe3d01,split_75cdb402ea07f82a,fatura,invoices_dataset_final,dev_select,data/raw/public/fatura/invoices_dataset_final/images/Template10_Instance51.jpg,dc49527165a7f9c9a6a6e13cac39efe057b1a2deda9f0417355956e7e2783761,data/processed/normalized_ie_annotations/fatura/fatura_page_b0239159a3f1a8.json,4c25a6cbc902cb2dbdef8cc45214eccb6fcb4166c44a2cc1df04d801bbca75ce,1.0,CC-BY-4.0-Zenodo-8261508,595,841,46.0,92,invoice,tr,split_75cdb402ea07f82a,template10,true,true,true,true,true,true,1.0,high,high,medium,degraded,29.930107876859868,5.135234832763672,0,deterministic_stratified_fatura_dev_select,false
ocrbench_1e4e80793f5f9ad6,ocr-benchmark-8854b5f20deb6611,fatura_page_b08e58d56ccb0f,fatura_doc_5661d829b8a609,split_99182dd71253ff36,fatura,invoices_dataset_final,dev_select,data/raw/public/fatura/invoices_dataset_final/images/Template38_Instance95.jpg,835ba66684d921b185a78517237c5545fd93e711808c93e2f1bb7555cece17e9,data/processed/normalized_ie_annotations/fatura/fatura_page_b08e58d56ccb0f.json,38eae9278e192ecd738a65809c63480b54557331f634f2ab49b46382cf76fbcb,1.0,CC-BY-4.0-Zenodo-8261508,595,841,46.0,99,invoice,tr,split_99182dd71253ff36,template38,true,true,true,true,true,true,1.0,high,high,medium,degraded,30.261018503243886,5.711573600769043,0,deterministic_stratified_fatura_dev_select,false
ocrbench_50ca20ec1f254a4d,ocr-benchmark-8854b5f20deb6611,fatura_page_b145d1c0f6ec92,fatura_doc_a286368fd17e0f,split_bc966078a2f3e7dc,fatura,invoices_dataset_final,dev_select,data/raw/public/fatura/invoices_dataset_final/images/Template22_Instance2.jpg,002a3f29ab9d57118c179dd02ef1c88eb44a362625c2caedc1e49809c375827b,data/processed/normalized_ie_annotations/fatura/fatura_page_b145d1c0f6ec92.json,cc698e5aa25d30d2c047fe3af3f88bc9ac0cad852aaa08d68a1290c334497b3f,1.0,CC-BY-4.0-Zenodo-8261508,595,841,26.0,58,invoice,tr,split_bc966078a2f3e7dc,template22,true,true,true,true,true,true,0.9509707331208346,high,high,medium,degraded,30.647803763247136,4.412197589874268,0,deterministic_stratified_fatura_dev_select,false
ocrbench_e1a3d9f462a4063e,ocr-benchmark-8854b5f20deb6611,fatura_page_b21c916bd218c4,fatura_doc_924cdb49713e42,split_75cdb402ea07f82a,fatura,invoices_dataset_final,dev_select,data/raw/public/fatura/invoices_dataset_final/images/Template10_Instance83.jpg,b96920210a382fd5255b7782f9e9e408e07ff05c5080fed8c3e75f7cdf95bf26,data/processed/normalized_ie_annotations/fatura/fatura_page_b21c916bd218c4.json,007dfcb5d9c01799dd08be0f8022f01cec4e945d61d117c2d40ef0e71af60e73,1.0,CC-BY-4.0-Zenodo-8261508,595,841,46.0,91,invoice,tr,split_75cdb402ea07f82a,template10,true,true,true,true,true,true,1.0,high,high,medium,degraded,30.074255949596292,5.288060188293457,0,deterministic_stratified_fatura_dev_select,false
ocrbench_06337425eb6ca515,ocr-benchmark-8854b5f20deb6611,fatura_page_b49b7f157f85ff,fatura_doc_676db8c989cd21,split_c372ccc2dc1037ce,fatura,invoices_dataset_final,dev_select,data/raw/public/fatura/invoices_dataset_final/images/Template32_Instance189.jpg,e419e49684a67a6da887042fff7a6797f9aa04175f943f62deb371f090c4bce1,data/processed/normalized_ie_annotations/fatura/fatura_page_b49b7f157f85ff.json,b4f7d5c0f659e1749d661379ded9bab9868dd83a162b7821662f0c3fbf7f1548,1.0,CC-BY-4.0-Zenodo-8261508,595,841,26.0,51,invoice,tr,split_c372ccc2dc1037ce,template32,true,true,true,true,true,true,0.9155966786238872,high,high,medium,degraded,31.165651195371883,4.065957069396973,37,deterministic_stratified_fatura_dev_select,false
ocrbench_5fd4b513d2fc420a,ocr-benchmark-8854b5f20deb6611,fatura_page_b8b1b394be153e,fatura_doc_06317c12d90215,split_75cdb402ea07f82a,fatura,invoices_dataset_final,dev_select,data/raw/public/fatura/invoices_dataset_final/images/Template10_Instance93.jpg,925e59c597d75a86fce2ec2cd433401b4eb0492e674ea3df7bdc1fb15b23ef8e,data/processed/normalized_ie_annotations/fatura/fatura_page_b8b1b394be153e.json,5ef82209905271efc5d01183a7bd6006d119aacc6759f9416d1d3e2df9ecc783,1.0,CC-BY-4.0-Zenodo-8261508,595,841,26.0,72,invoice,tr,split_75cdb402ea07f82a,template10,true,true,true,true,true,true,1.0,high,high,medium,degraded,29.642393835031058,5.123619079589844,0,deterministic_stratified_fatura_dev_select,false
ocrbench_803fae9247c7cd44,ocr-benchmark-8854b5f20deb6611,fatura_page_b8c665f42f9e5f,fatura_doc_260c120ec6fc08,split_99182dd71253ff36,fatura,invoices_dataset_final,dev_select,data/raw/public/fatura/invoices_dataset_final/images/Template38_Instance150.jpg,17ad5ec7feae1b9511689dc5540e561c4e5eeea0c1223bd17102ddf4218944b1,data/processed/normalized_ie_annotations/fatura/fatura_page_b8c665f42f9e5f.json,ef37970953953a3710c3dcaefcf3844368430ff1547b800858fadc47370b337a,1.0,CC-BY-4.0-Zenodo-8261508,595,841,46.0,106,invoice,tr,split_99182dd71253ff36,template38,true,true,true,true,true,true,1.0,high,high,medium,degraded,32.67553418779248,7.155987739562988,0,deterministic_stratified_fatura_dev_select,false
ocrbench_aa6151ad94e30aa9,ocr-benchmark-8854b5f20deb6611,fatura_page_b98695081bdd4c,fatura_doc_491b9c636ab644,split_a4efa0cdee4a6265,fatura,invoices_dataset_final,dev_select,data/raw/public/fatura/invoices_dataset_final/images/Template15_Instance6.jpg,898130e2905fcd771cc8432ad60c6715d0ea52ef754e60eb7ad11dda8f903aa6,data/processed/normalized_ie_annotations/fatura/fatura_page_b98695081bdd4c.json,1e70a065be4192672f0367f96cd8e6a221777e61b1976a942c6a8ab7ddf563a4,1.0,CC-BY-4.0-Zenodo-8261508,595,841,26.0,52,invoice,tr,split_a4efa0cdee4a6265,template15,true,true,true,true,true,true,0.9627834011131207,high,high,medium,degraded,29.19619423475323,4.505643844604492,0,deterministic_stratified_fatura_dev_select,false
ocrbench_36bb22969be756ff,ocr-benchmark-8854b5f20deb6611,fatura_page_b9b4fe805d94fc,fatura_doc_09bf8d9ddd74c0,split_bc966078a2f3e7dc,fatura,invoices_dataset_final,dev_select,data/raw/public/fatura/invoices_dataset_final/images/Template22_Instance92.jpg,603e7d0587082671a1052eceba0ee8448ce3283899d521ec93b809f68402a7e6,data/processed/normalized_ie_annotations/fatura/fatura_page_b9b4fe805d94fc.json,9e38957114e09862064d0e6749d920608e95247f4383aa64102fe53f5b31bab6,1.0,CC-BY-4.0-Zenodo-8261508,595,841,12.0,48,invoice,tr,split_bc966078a2f3e7dc,template22,true,true,true,true,true,true,0.7642722249422956,high,medium,medium,degraded,29.28184517855705,3.562591791152954,0,deterministic_stratified_fatura_dev_select,false
ocrbench_032a6f8a3dd503a3,ocr-benchmark-8854b5f20deb6611,fatura_page_bac81e914803a7,fatura_doc_380f4d4e240b81,split_99182dd71253ff36,fatura,invoices_dataset_final,dev_select,data/raw/public/fatura/invoices_dataset_final/images/Template38_Instance16.jpg,7c940d6d55359bf9f8e709256b12df02854c0e1bc691b27e938aa3e43a0b92fa,data/processed/normalized_ie_annotations/fatura/fatura_page_bac81e914803a7.json,7b1cff2113c9fa2858fa0ab8cca9b87d905e2760bdb97511bd8be450184b87cb,1.0,CC-BY-4.0-Zenodo-8261508,595,841,46.0,105,invoice,tr,split_99182dd71253ff36,template38,true,true,true,true,true,true,1.0,high,high,medium,degraded,31.44367789448395,6.461455345153809,37,deterministic_stratified_fatura_dev_select,false
ocrbench_76a9603ba6fd7295,ocr-benchmark-8854b5f20deb6611,fatura_page_bacfdf58e5b421,fatura_doc_afa92222a2b5a8,split_75cdb402ea07f82a,fatura,invoices_dataset_final,dev_select,data/raw/public/fatura/invoices_dataset_final/images/Template10_Instance193.jpg,c04f6f3e4773af6c69302bbb8e0a3e670f8ac97b1fc3ced64a2c30a271b0a76e,data/processed/normalized_ie_annotations/fatura/fatura_page_bacfdf58e5b421.json,72af23ca49808cfdbe2941e590d4cdc9d10a79bcde8e9068c26b51f6ed428ca1,1.0,CC-BY-4.0-Zenodo-8261508,595,841,26.0,80,invoice,tr,split_75cdb402ea07f82a,template10,true,true,true,true,true,true,1.0,high,high,medium,degraded,29.89838828565613,5.265453338623047,0,deterministic_stratified_fatura_dev_select,false
ocrbench_00d6acbab02481e1,ocr-benchmark-8854b5f20deb6611,fatura_page_baf06bf27b006a,fatura_doc_4a4389645c0d4f,split_bc966078a2f3e7dc,fatura,invoices_dataset_final,dev_select,data/raw/public/fatura/invoices_dataset_final/images/Template22_Instance189.jpg,f0d6c3557ccb1983c487e3b6f930bfa0173eb158b4997c2aa6c7bac5f3eb6c74,data/processed/normalized_ie_annotations/fatura/fatura_page_baf06bf27b006a.json,efcc3e6d138207eb18c2b6ea20f1aa8c271a33f48ea9d82fb456f657cbc1c65e,1.0,CC-BY-4.0-Zenodo-8261508,595,841,12.0,49,invoice,tr,split_bc966078a2f3e7dc,template22,true,true,true,true,true,true,0.8646449305049011,high,medium,medium,degraded,29.72063828282799,3.8556394577026367,0,deterministic_stratified_fatura_dev_select,false
ocrbench_b954bcff894ffb5a,ocr-benchmark-8854b5f20deb6611,fatura_page_bb8292ae077b21,fatura_doc_8bf808e4dc311e,split_bc966078a2f3e7dc,fatura,invoices_dataset_final,dev_select,data/raw/public/fatura/invoices_dataset_final/images/Template22_Instance31.jpg,f6c8e90e79df7cf0b811e64e5b482dbe9b69a39c0664d243e949d05fa45d5d40,data/processed/normalized_ie_annotations/fatura/fatura_page_bb8292ae077b21.json,def7d7aebe2424532d4f826306eb0482a3b6c552dc976f24090324d947c00b42,1.0,CC-BY-4.0-Zenodo-8261508,595,841,12.0,49,invoice,tr,split_bc966078a2f3e7dc,template22,true,true,true,true,true,true,0.844277021153289,high,medium,medium,degraded,29.7306970332143,3.944145441055298,0,deterministic_stratified_fatura_dev_select,false
ocrbench_0483de55c03a1353,ocr-benchmark-8854b5f20deb6611,fatura_page_bb8925ccb048a1,fatura_doc_0dc8f82dd032c3,split_bc966078a2f3e7dc,fatura,invoices_dataset_final,dev_select,data/raw/public/fatura/invoices_dataset_final/images/Template22_Instance163.jpg,cb4f64297a8cc03cc319a61c7199c36ccccf5ff20dbb8db5fb1e1ba044481049,data/processed/normalized_ie_annotations/fatura/fatura_page_bb8925ccb048a1.json,4d4c18686a9ddfb57de268ec4946c95758c6d7e8f625c643ca067d9f36d88041,1.0,CC-BY-4.0-Zenodo-8261508,595,841,12.0,49,invoice,tr,split_bc966078a2f3e7dc,template22,true,true,true,true,true,true,0.8815995363662706,high,medium,medium,degraded,29.513877681305175,3.546687126159668,0,deterministic_stratified_fatura_dev_select,false
ocrbench_5a3e7c44d6a1f7a2,ocr-benchmark-8854b5f20deb6611,fatura_page_bba3479460eeba,fatura_doc_a672c7bb7ce820,split_a4efa0cdee4a6265,fatura,invoices_dataset_final,dev_select,data/raw/public/fatura/invoices_dataset_final/images/Template15_Instance73.jpg,7a1b2f0ca975db48d7795c50230f43feea5c34f44fb644ac05c82d7d68f53eed,data/processed/normalized_ie_annotations/fatura/fatura_page_bba3479460eeba.json,4c6295a9999244909561f54b31a04cc8e4fc18c5fdeda6686f29c4e73d343848,1.0,CC-BY-4.0-Zenodo-8261508,595,841,26.0,47,invoice,tr,split_a4efa0cdee4a6265,template15,true,true,true,true,true,true,0.7864267228889178,high,high,medium,degraded,29.479580032985236,4.768333911895752,37,deterministic_stratified_fatura_dev_select,false
ocrbench_ce501d226d277725,ocr-benchmark-8854b5f20deb6611,fatura_page_bc5fca5a69cfa6,fatura_doc_dcd6fce831c535,split_c372ccc2dc1037ce,fatura,invoices_dataset_final,dev_select,data/raw/public/fatura/invoices_dataset_final/images/Template32_Instance81.jpg,5c1163c387a70ee4be8be4a42dad57e04aa6adf4c4ad2a379d3ee841fa8f344f,data/processed/normalized_ie_annotations/fatura/fatura_page_bc5fca5a69cfa6.json,f4faad2d9ad36606fab62052f44136b9aa020a4b18019a1e992470a57eb1de4e,1.0,CC-BY-4.0-Zenodo-8261508,595,841,26.0,51,invoice,tr,split_c372ccc2dc1037ce,template32,true,true,true,true,true,true,0.8954765735069296,high,high,medium,degraded,31.050913805456187,3.9276859760284424,0,deterministic_stratified_fatura_dev_select,false
ocrbench_b71214641d7d2144,ocr-benchmark-8854b5f20deb6611,fatura_page_be3cb89f545999,fatura_doc_0d8800189008e4,split_75cdb402ea07f82a,fatura,invoices_dataset_final,dev_select,data/raw/public/fatura/invoices_dataset_final/images/Template10_Instance49.jpg,44512a1472d1612cac46bc6ffb525d9a255f644690fa8200a12436bd9cae582a,data/processed/normalized_ie_annotations/fatura/fatura_page_be3cb89f545999.json,30a842f026a82f548f98f45618a788640c0d6d20d843a9bbe9e1ef0c5981e2b4,1.0,CC-BY-4.0-Zenodo-8261508,595,841,46.0,100,invoice,tr,split_75cdb402ea07f82a,template10,true,true,true,true,true,true,1.0,high,high,medium,degraded,30.592567499960346,5.437467575073242,37,deterministic_stratified_fatura_dev_select,false
ocrbench_b5de0d19c4b3e233,ocr-benchmark-8854b5f20deb6611,fatura_page_be60b126d1f004,fatura_doc_953fae93c6608b,split_a4efa0cdee4a6265,fatura,invoices_dataset_final,dev_select,data/raw/public/fatura/invoices_dataset_final/images/Template15_Instance35.jpg,d5b3dabbb1b49f3593101b43692812201203b57d239fb6758a21b14d95d9c651,data/processed/normalized_ie_annotations/fatura/fatura_page_be60b126d1f004.json,746cad55a926dea5fe1f4c236e990ec7518fffc7eddb07041831a3ff99f37c55,1.0,CC-BY-4.0-Zenodo-8261508,595,841,26.0,52,invoice,tr,split_a4efa0cdee4a6265,template15,true,true,true,true,true,true,1.0,high,high,medium,degraded,30.619376420508015,5.383122444152832,0,deterministic_stratified_fatura_dev_select,false
ocrbench_2fbd7e25bfa45322,ocr-benchmark-8854b5f20deb6611,fatura_page_be826b443b341b,fatura_doc_790c23f98e03f0,split_a4efa0cdee4a6265,fatura,invoices_dataset_final,dev_select,data/raw/public/fatura/invoices_dataset_final/images/Template15_Instance174.jpg,b0c9afd3d3230e66b99e74b3b9dc34c25dbf5892f8f6ead7cfaf750a05b4741e,data/processed/normalized_ie_annotations/fatura/fatura_page_be826b443b341b.json,1b5042ba2d4849903a356c0bd4a9ac344802589215244d57053f53fc5a47dde3,1.0,CC-BY-4.0-Zenodo-8261508,595,841,26.0,48,invoice,tr,split_a4efa0cdee4a6265,template15,true,true,true,true,true,true,0.9713446377361884,high,high,medium,degraded,29.104983238502964,4.802370548248291,37,deterministic_stratified_fatura_dev_select,false
ocrbench_bd48686c4f05b598,ocr-benchmark-8854b5f20deb6611,fatura_page_bf99284a5fbe90,fatura_doc_0c09fea626a549,split_bc966078a2f3e7dc,fatura,invoices_dataset_final,dev_select,data/raw/public/fatura/invoices_dataset_final/images/Template22_Instance161.jpg,804808a0918b4db343f79705a546607612134447acbc8cfb443013d1a1c158e5,data/processed/normalized_ie_annotations/fatura/fatura_page_bf99284a5fbe90.json,6b292746086fb8761f5b42e51550700ca193ad9f88c66884071b25552223da03,1.0,CC-BY-4.0-Zenodo-8261508,595,841,26.0,57,invoice,tr,split_bc966078a2f3e7dc,template22,true,true,true,true,true,true,0.8232816075300513,high,high,medium,degraded,29.785237197845273,3.682736396789551,0,deterministic_stratified_fatura_dev_select,false
ocrbench_d03d9004c9048c8d,ocr-benchmark-8854b5f20deb6611,fatura_page_bfea7fd2da03a9,fatura_doc_ce4e21d18c551d,split_bc966078a2f3e7dc,fatura,invoices_dataset_final,dev_select,data/raw/public/fatura/invoices_dataset_final/images/Template22_Instance137.jpg,10a596e484e1b8c7d8fd411bee13b0e3fb8d6f183a2ba20dc4604c16869bad6b,data/processed/normalized_ie_annotations/fatura/fatura_page_bfea7fd2da03a9.json,b7a4d9fd4470fa20902d48c97e930f58131dc35aa34e37130d412148b29ff6fb,1.0,CC-BY-4.0-Zenodo-8261508,595,841,26.0,50,invoice,tr,split_bc966078a2f3e7dc,template22,true,true,true,true,true,true,0.8452662396706602,high,high,medium,degraded,29.74392318076744,3.977800130844116,37,deterministic_stratified_fatura_dev_select,false
ocrbench_7937b12e632e4c5b,ocr-benchmark-8854b5f20deb6611,fatura_page_c0fc8d067f4a18,fatura_doc_e58d48de2616d0,split_75cdb402ea07f82a,fatura,invoices_dataset_final,dev_select,data/raw/public/fatura/invoices_dataset_final/images/Template10_Instance113.jpg,69bc8943f8742f62d19306e489cd0056250eedf597753270ac0b23e5e3771e22,data/processed/normalized_ie_annotations/fatura/fatura_page_c0fc8d067f4a18.json,b3fef6f62bef13e9f26c5538405159e28b812a3a4631fbc5d4b2e973b29e331a,1.0,CC-BY-4.0-Zenodo-8261508,595,841,26.0,79,invoice,tr,split_75cdb402ea07f82a,template10,true,true,true,true,true,true,1.0,high,high,medium,degraded,29.815639962989874,5.223971843719482,0,deterministic_stratified_fatura_dev_select,false
ocrbench_2010eb0299518fbc,ocr-benchmark-8854b5f20deb6611,fatura_page_c93f4bb93c7b4c,fatura_doc_29d9744c6073dd,split_bc966078a2f3e7dc,fatura,invoices_dataset_final,dev_select,data/raw/public/fatura/invoices_dataset_final/images/Template22_Instance44.jpg,8fd85bca8ba97b0975d3a0e9d9f0f35b4e30bda3c6c28d6f78eb5d38b5b4be9c,data/processed/normalized_ie_annotations/fatura/fatura_page_c93f4bb93c7b4c.json,1d5389b94d5ad2b95f50f22eb3c2fcdd533dd46736e04d5a302f0b024f84a061,1.0,CC-BY-4.0-Zenodo-8261508,595,841,12.0,45,invoice,tr,split_bc966078a2f3e7dc,template22,true,true,true,true,true,true,0.6838257776356679,high,medium,medium,degraded,29.39274319062102,3.7155823707580566,0,deterministic_stratified_fatura_dev_select,false
ocrbench_0c374943bf4403e3,ocr-benchmark-8854b5f20deb6611,fatura_page_c9ce915ae24e55,fatura_doc_4428bb8e44759f,split_99182dd71253ff36,fatura,invoices_dataset_final,dev_select,data/raw/public/fatura/invoices_dataset_final/images/Template38_Instance10.jpg,ca3eccf587d617179e71048f58de9f396cfe5a2d9fbeef6ca9012f4455a6e244,data/processed/normalized_ie_annotations/fatura/fatura_page_c9ce915ae24e55.json,3415eaf97fb010b27084d1d2a6e7342c2297178f1257fea9bbf082e679d6e0d5,1.0,CC-BY-4.0-Zenodo-8261508,595,841,46.0,104,invoice,tr,split_99182dd71253ff36,template38,true,true,true,true,true,true,1.0,high,high,medium,degraded,31.554702998765986,6.695844650268555,0,deterministic_stratified_fatura_dev_select,false
ocrbench_c3939f536bed8651,ocr-benchmark-8854b5f20deb6611,fatura_page_cc1774d96d96f2,fatura_doc_0752851725e4a2,split_a4efa0cdee4a6265,fatura,invoices_dataset_final,dev_select,data/raw/public/fatura/invoices_dataset_final/images/Template15_Instance155.jpg,b5be8eb290a5711cd398008f701765530df1ce63a8507be481f9c5b3e8560474,data/processed/normalized_ie_annotations/fatura/fatura_page_cc1774d96d96f2.json,71bb3c90d24be22f69dbc13be070e84b347a61c05859ce793a5f2625b86c1cdc,1.0,CC-BY-4.0-Zenodo-8261508,595,841,26.0,48,invoice,tr,split_a4efa0cdee4a6265,template15,true,true,true,true,true,true,0.7500714435595879,high,high,medium,degraded,28.207972089915888,4.215965747833252,0,deterministic_stratified_fatura_dev_select,false
ocrbench_7f9fa0d1db90cc2d,ocr-benchmark-8854b5f20deb6611,fatura_page_cc1d763e73f938,fatura_doc_92b359f1984ee8,split_bc966078a2f3e7dc,fatura,invoices_dataset_final,dev_select,data/raw/public/fatura/invoices_dataset_final/images/Template22_Instance69.jpg,9138b0ef2af59107529388633516c7b5400cf14212ed15418e18bebbceeaac9f,data/processed/normalized_ie_annotations/fatura/fatura_page_cc1d763e73f938.json,c3115ac747e62cca4587e2ec5144a4a0cf627f634ef4aa9624a81b9d4f590d54,1.0,CC-BY-4.0-Zenodo-8261508,595,841,26.0,52,invoice,tr,split_bc966078a2f3e7dc,template22,true,true,true,true,true,true,0.9236303320376902,high,high,medium,degraded,29.781699260107967,3.9102723598480225,0,deterministic_stratified_fatura_dev_select,false
ocrbench_ad76759eada5619c,ocr-benchmark-8854b5f20deb6611,fatura_page_cd6acec6fb52c5,fatura_doc_b7c7ca3804eb6c,split_c372ccc2dc1037ce,fatura,invoices_dataset_final,dev_select,data/raw/public/fatura/invoices_dataset_final/images/Template32_Instance55.jpg,a301893bcf6c0760c6be12c609c36c22ee890d7945f926eb01a7716b08478759,data/processed/normalized_ie_annotations/fatura/fatura_page_cd6acec6fb52c5.json,dac8e2427a9333b56a9160e2698a5b85d19b088ccc6c293bfe3a06500b59371d,1.0,CC-BY-4.0-Zenodo-8261508,595,841,26.0,49,invoice,tr,split_c372ccc2dc1037ce,template32,true,true,true,true,true,true,0.8868913558288952,high,high,medium,degraded,30.86953228527835,3.9210972785949707,0,deterministic_stratified_fatura_dev_select,false
ocrbench_7043b57ccc43ec52,ocr-benchmark-8854b5f20deb6611,fatura_page_cec29ea55b99f3,fatura_doc_7a5a6201290d63,split_a4efa0cdee4a6265,fatura,invoices_dataset_final,dev_select,data/raw/public/fatura/invoices_dataset_final/images/Template15_Instance130.jpg,5d2faf1c9c5bf1bf2eb5f312c066bd8ebd66ad38e958b54b7bac319bb61d460d,data/processed/normalized_ie_annotations/fatura/fatura_page_cec29ea55b99f3.json,00ac8dd7be0ce75e06c0eaf2fbb85ed39f7b40b8ea18749d982bb720aba7340d,1.0,CC-BY-4.0-Zenodo-8261508,595,841,26.0,49,invoice,tr,split_a4efa0cdee4a6265,template15,true,true,true,true,true,true,0.8871711348035052,high,high,medium,degraded,28.562710279771608,4.476775169372559,37,deterministic_stratified_fatura_dev_select,false
ocrbench_d707007eb68adfb5,ocr-benchmark-8854b5f20deb6611,fatura_page_cee1ccb563db29,fatura_doc_12e0a8a13ccd90,split_bc966078a2f3e7dc,fatura,invoices_dataset_final,dev_select,data/raw/public/fatura/invoices_dataset_final/images/Template22_Instance132.jpg,54ae82f7a558dd52c42a27b15d124b3a85813348dfe3c3ec9dfff26547a477ad,data/processed/normalized_ie_annotations/fatura/fatura_page_cee1ccb563db29.json,9ec2a2dfcc1d1b9e241795635bba80a3de4ea26ddd78174a2ee9325e1b5d5a4a,1.0,CC-BY-4.0-Zenodo-8261508,595,841,12.0,48,invoice,tr,split_bc966078a2f3e7dc,template22,true,true,true,true,true,true,0.8444448885380549,high,medium,medium,degraded,29.114445481561116,3.402432918548584,0,deterministic_stratified_fatura_dev_select,false
ocrbench_ebececb50927d7e6,ocr-benchmark-8854b5f20deb6611,fatura_page_d1b913f5b651e0,fatura_doc_97c0f229f9c693,split_75cdb402ea07f82a,fatura,invoices_dataset_final,dev_select,data/raw/public/fatura/invoices_dataset_final/images/Template10_Instance121.jpg,5c401c03848b651ff99d16aeb2acb7fe544737516ab8776532b43bb581ca7b0a,data/processed/normalized_ie_annotations/fatura/fatura_page_d1b913f5b651e0.json,8d351cb21462b3080eadf099c2f2f0c193534d37764282af931b2fccd248d72c,1.0,CC-BY-4.0-Zenodo-8261508,595,841,22.0,69,invoice,tr,split_75cdb402ea07f82a,template10,true,true,true,true,true,true,1.0,high,medium,medium,degraded,28.510788293941253,4.549441337585449,0,deterministic_stratified_fatura_dev_select,false
ocrbench_cf475632a047c5fc,ocr-benchmark-8854b5f20deb6611,fatura_page_d32b5463bc1b2b,fatura_doc_65e1167828fdb1,split_c372ccc2dc1037ce,fatura,invoices_dataset_final,dev_select,data/raw/public/fatura/invoices_dataset_final/images/Template32_Instance56.jpg,f364695034d6650c0de38226b702608ab37b441786a5e887fc41137f7d533708,data/processed/normalized_ie_annotations/fatura/fatura_page_d32b5463bc1b2b.json,f479736182e34302cd3c134fa33f6cb024f95be21b3d28ac1479998f7ef28380,1.0,CC-BY-4.0-Zenodo-8261508,595,841,26.0,51,invoice,tr,split_c372ccc2dc1037ce,template32,true,true,true,true,true,true,0.9538944234055097,high,high,medium,degraded,31.48055863561531,4.361532688140869,0,deterministic_stratified_fatura_dev_select,false
ocrbench_6972ef79a907b105,ocr-benchmark-8854b5f20deb6611,fatura_page_d3584f4c19b951,fatura_doc_1fa6cf307c52f2,split_75cdb402ea07f82a,fatura,invoices_dataset_final,dev_select,data/raw/public/fatura/invoices_dataset_final/images/Template10_Instance46.jpg,779f38cc6ea0f8e2a6e6735b6da329b004d106e5a9148e577e1380895b60e73e,data/processed/normalized_ie_annotations/fatura/fatura_page_d3584f4c19b951.json,8976b10fb80740cf8d14405cb78aa37f8e84a957139260af3bf6076a022017fe,1.0,CC-BY-4.0-Zenodo-8261508,595,841,46.0,93,invoice,tr,split_75cdb402ea07f82a,template10,true,true,true,true,true,true,1.0,high,high,medium,degraded,30.702060796442172,5.713541030883789,0,deterministic_stratified_fatura_dev_select,false
ocrbench_4e7fe56d4ec2d25b,ocr-benchmark-8854b5f20deb6611,fatura_page_d3ab3248bfdcd2,fatura_doc_0c4cddacc44b3a,split_bc966078a2f3e7dc,fatura,invoices_dataset_final,dev_select,data/raw/public/fatura/invoices_dataset_final/images/Template22_Instance188.jpg,3c30efe94ae638d827296c57c920899a081de831b76bfcaed8dea255b55877ea,data/processed/normalized_ie_annotations/fatura/fatura_page_d3ab3248bfdcd2.json,d63e233c95f13ceed7826a08c57c5abec78f1a9a4e39767fca20c0fce846bb6f,1.0,CC-BY-4.0-Zenodo-8261508,595,841,12.0,50,invoice,tr,split_bc966078a2f3e7dc,template22,true,true,true,true,true,true,0.8753824478661857,high,medium,medium,degraded,29.670923484162646,3.7478039264678955,0,deterministic_stratified_fatura_dev_select,false
ocrbench_c478e4462adaeba9,ocr-benchmark-8854b5f20deb6611,fatura_page_d5c8d57ffb4cd2,fatura_doc_828f14da183f6c,split_99182dd71253ff36,fatura,invoices_dataset_final,dev_select,data/raw/public/fatura/invoices_dataset_final/images/Template38_Instance118.jpg,b5be6ba6c217728e6daa76b4a4505541cb9ad7e88655450124536c7db60d4d94,data/processed/normalized_ie_annotations/fatura/fatura_page_d5c8d57ffb4cd2.json,3c60220670977f3a44f1dc0e085d1c648142d4477ad6b38c2202f275b30f2d19,1.0,CC-BY-4.0-Zenodo-8261508,595,841,46.0,103,invoice,tr,split_99182dd71253ff36,template38,true,true,true,true,true,true,1.0,high,high,medium,degraded,31.73191575251517,6.494152069091797,37,deterministic_stratified_fatura_dev_select,false
ocrbench_ae51b942a7abb916,ocr-benchmark-8854b5f20deb6611,fatura_page_d6716969711cc1,fatura_doc_e96db4ec9cb3af,split_c372ccc2dc1037ce,fatura,invoices_dataset_final,dev_select,data/raw/public/fatura/invoices_dataset_final/images/Template32_Instance25.jpg,d262623a0968c572a3499603fca35772e1f6e265d0ffc7d528e4ece05fed1b2d,data/processed/normalized_ie_annotations/fatura/fatura_page_d6716969711cc1.json,698b094e97c709bb244e6e106475b1a2ee82ec58d05fa18558d2c20e9b40c260,1.0,CC-BY-4.0-Zenodo-8261508,595,841,26.0,52,invoice,tr,split_c372ccc2dc1037ce,template32,true,true,true,true,true,true,0.9509207725896541,high,high,medium,degraded,31.23566820811027,4.124332427978516,37,deterministic_stratified_fatura_dev_select,false
ocrbench_5b8bb4c8eac10666,ocr-benchmark-8854b5f20deb6611,fatura_page_d7b812d99bc2af,fatura_doc_10629cd95312a1,split_75cdb402ea07f82a,fatura,invoices_dataset_final,dev_select,data/raw/public/fatura/invoices_dataset_final/images/Template10_Instance157.jpg,39dd0184e6d467a698fc0c2c959f20a5061100789569bf5096ffabd5eb387e2d,data/processed/normalized_ie_annotations/fatura/fatura_page_d7b812d99bc2af.json,cd3c4a7b1409779dc1f66402fa73dcd2f2014d8d9a275c8f6b7c0b4fa86986fe,1.0,CC-BY-4.0-Zenodo-8261508,595,841,22.0,70,invoice,tr,split_75cdb402ea07f82a,template10,true,true,true,true,true,true,1.0,high,medium,medium,degraded,28.963959929192363,4.857285499572754,0,deterministic_stratified_fatura_dev_select,false
ocrbench_5a6492e5b1b07f37,ocr-benchmark-8854b5f20deb6611,fatura_page_d8cfb070e18fd9,fatura_doc_4ea6adcf72dd0f,split_c372ccc2dc1037ce,fatura,invoices_dataset_final,dev_select,data/raw/public/fatura/invoices_dataset_final/images/Template32_Instance111.jpg,910b5643c14cd8d22ea17d1d87ca1727330e4dfffdc7f7f9bffe2f4d2a7337ed,data/processed/normalized_ie_annotations/fatura/fatura_page_d8cfb070e18fd9.json,3787b88db9958d96eca6b227fd3d34681336f57673ea0e4861e08b00d7f99a7c,1.0,CC-BY-4.0-Zenodo-8261508,595,841,26.0,58,invoice,tr,split_c372ccc2dc1037ce,template32,true,true,true,true,true,true,0.9515922421287183,high,high,medium,degraded,31.24863717198609,4.016445159912109,37,deterministic_stratified_fatura_dev_select,false
ocrbench_d04e6c119d0fbbb3,ocr-benchmark-8854b5f20deb6611,fatura_page_d9a5b1d65c4372,fatura_doc_9631347f15a273,split_bc966078a2f3e7dc,fatura,invoices_dataset_final,dev_select,data/raw/public/fatura/invoices_dataset_final/images/Template22_Instance86.jpg,66b9ed5eabc28dd118ee75204f0981c8158d101bd21d8e0b02d643a2db3b8b39,data/processed/normalized_ie_annotations/fatura/fatura_page_d9a5b1d65c4372.json,35fec32e6f2ee9051b9bcb0913255564f4acae6e0a074a5794f1498448a95412,1.0,CC-BY-4.0-Zenodo-8261508,595,841,12.0,50,invoice,tr,split_bc966078a2f3e7dc,template22,true,true,true,true,true,true,0.8468270066647349,high,medium,medium,degraded,29.380999997513232,3.5120115280151367,37,deterministic_stratified_fatura_dev_select,false
ocrbench_9f412ff7bbddce10,ocr-benchmark-8854b5f20deb6611,fatura_page_da7c561e9a783a,fatura_doc_81040e21b8b28e,split_bc966078a2f3e7dc,fatura,invoices_dataset_final,dev_select,data/raw/public/fatura/invoices_dataset_final/images/Template22_Instance164.jpg,a5643ce35bbfb7bb4654442821d6caf3b11d732953975d6dcb602b0da56d9654,data/processed/normalized_ie_annotations/fatura/fatura_page_da7c561e9a783a.json,6da58d61d40469ef18bbb05f993bcba433a2222bcd87d8e35784333c5ce93b7a,1.0,CC-BY-4.0-Zenodo-8261508,595,841,26.0,51,invoice,tr,split_bc966078a2f3e7dc,template22,true,true,true,true,true,true,0.8366390551464343,high,high,medium,degraded,29.83925494698191,3.9662270545959473,37,deterministic_stratified_fatura_dev_select,false
ocrbench_6397be80c250069c,ocr-benchmark-8854b5f20deb6611,fatura_page_db627a9528e8fb,fatura_doc_39c298d1f894bd,split_bc966078a2f3e7dc,fatura,invoices_dataset_final,dev_select,data/raw/public/fatura/invoices_dataset_final/images/Template22_Instance153.jpg,811ed74d532ae5e856917c0b1a3d63aa7aabc2331d92dd0b89ca29c9b59eb0e0,data/processed/normalized_ie_annotations/fatura/fatura_page_db627a9528e8fb.json,7844a039b0509e41ba72c6bf5a2eab184da191fd50a37f11b2c8336617406cff,1.0,CC-BY-4.0-Zenodo-8261508,595,841,12.0,50,invoice,tr,split_bc966078a2f3e7dc,template22,true,true,true,true,true,true,0.7863787607789846,high,medium,medium,degraded,29.421157989263012,3.6034388542175293,0,deterministic_stratified_fatura_dev_select,false
ocrbench_6159694a59ad6fc8,ocr-benchmark-8854b5f20deb6611,fatura_page_dbb678dc8fce8d,fatura_doc_fb920b1c211cea,split_75cdb402ea07f82a,fatura,invoices_dataset_final,dev_select,data/raw/public/fatura/invoices_dataset_final/images/Template10_Instance68.jpg,5ea750b06b23e047b3dae60bae52ff4e3af884b66bdd1b0ddd9848bcac29f5df,data/processed/normalized_ie_annotations/fatura/fatura_page_dbb678dc8fce8d.json,862f50087bcadc6114b0985e52bb9a3700a5c829ddcbf3ea9497f0bbd08e73b1,1.0,CC-BY-4.0-Zenodo-8261508,595,841,46.0,98,invoice,tr,split_75cdb402ea07f82a,template10,true,true,true,true,true,true,1.0,high,high,medium,degraded,30.978595025090982,5.802746772766113,0,deterministic_stratified_fatura_dev_select,false
ocrbench_f89e0a91cd3ad58c,ocr-benchmark-8854b5f20deb6611,fatura_page_dc1d41674cd17f,fatura_doc_7f7d8668310fc1,split_bc966078a2f3e7dc,fatura,invoices_dataset_final,dev_select,data/raw/public/fatura/invoices_dataset_final/images/Template22_Instance159.jpg,a165b8d6d6b364a22c05c1278186120b2b3544422270247da88669eae16e03cb,data/processed/normalized_ie_annotations/fatura/fatura_page_dc1d41674cd17f.json,99fe8fe296dee58caedbacc9e5f8afd9347ec640b583e4d412729b8609a31f27,1.0,CC-BY-4.0-Zenodo-8261508,595,841,26.0,57,invoice,tr,split_bc966078a2f3e7dc,template22,true,true,true,true,true,true,0.8736378261173673,high,high,medium,degraded,30.18137416162322,3.9169607162475586,0,deterministic_stratified_fatura_dev_select,false
ocrbench_34686528e87d71b9,ocr-benchmark-8854b5f20deb6611,fatura_page_dd16adc9fd6823,fatura_doc_1e158f1cfc48a6,split_bc966078a2f3e7dc,fatura,invoices_dataset_final,dev_select,data/raw/public/fatura/invoices_dataset_final/images/Template22_Instance21.jpg,54572ca9083052e81033ab34259ce6d0c3ede7dd2f72d5eb6aedea7582a95596,data/processed/normalized_ie_annotations/fatura/fatura_page_dd16adc9fd6823.json,9f8746751095aa206e934fa7939827795e7ff2ef114005b6afe4fc8ea421739f,1.0,CC-BY-4.0-Zenodo-8261508,595,841,26.0,56,invoice,tr,split_bc966078a2f3e7dc,template22,true,true,true,true,true,true,0.9254768732701166,high,high,medium,degraded,30.307114837288193,4.122926712036133,0,deterministic_stratified_fatura_dev_select,false
ocrbench_845ef0190569656d,ocr-benchmark-8854b5f20deb6611,fatura_page_dd6c0bd018b50c,fatura_doc_81b7a707ee43a8,split_bc966078a2f3e7dc,fatura,invoices_dataset_final,dev_select,data/raw/public/fatura/invoices_dataset_final/images/Template22_Instance88.jpg,85e20e8b4367534b20ac8b57cc3e0090aab9a261b85424b5d9ecc3c416d468d8,data/processed/normalized_ie_annotations/fatura/fatura_page_dd6c0bd018b50c.json,432d12be1a9ddd8699e5af63f25440ba538799e80ebe2b11f08c87fb3e63cf7e,1.0,CC-BY-4.0-Zenodo-8261508,595,841,12.0,50,invoice,tr,split_bc966078a2f3e7dc,template22,true,true,true,true,true,true,0.9469479111501914,high,medium,medium,degraded,29.83371937734016,3.966095447540283,0,deterministic_stratified_fatura_dev_select,false
ocrbench_044b8ce3dd5ecec2,ocr-benchmark-8854b5f20deb6611,fatura_page_df0e0e0f6d5b5c,fatura_doc_6fb6009cfca667,split_75cdb402ea07f82a,fatura,invoices_dataset_final,dev_select,data/raw/public/fatura/invoices_dataset_final/images/Template10_Instance34.jpg,c770f372523fadbeb7c7926a375f07ce98f1f6152eb9a1b9138372946b91c5ad,data/processed/normalized_ie_annotations/fatura/fatura_page_df0e0e0f6d5b5c.json,34315e3eb5d116a1ab71df81c901807737be2d07cc9b5fa9192497e5195093fb,1.0,CC-BY-4.0-Zenodo-8261508,595,841,22.0,69,invoice,tr,split_75cdb402ea07f82a,template10,true,true,true,true,true,true,1.0,high,medium,medium,degraded,29.312815435229115,5.006492614746094,0,deterministic_stratified_fatura_dev_select,false
ocrbench_8269de9304e1a5de,ocr-benchmark-8854b5f20deb6611,fatura_page_df4041d07918e0,fatura_doc_7b57d100ff4f71,split_75cdb402ea07f82a,fatura,invoices_dataset_final,dev_select,data/raw/public/fatura/invoices_dataset_final/images/Template10_Instance13.jpg,14fd6324e192ee9007717d3028eb15e1e6cc6bc90e7c6f978eefc8614356c8bc,data/processed/normalized_ie_annotations/fatura/fatura_page_df4041d07918e0.json,e39cc12087d688b70665d14b4242a0df791fd14b13b6b0bdb4cd90c1088d8208,1.0,CC-BY-4.0-Zenodo-8261508,595,841,22.0,70,invoice,tr,split_75cdb402ea07f82a,template10,true,true,true,true,true,true,1.0,high,medium,medium,degraded,28.787071280870247,4.612030029296875,0,deterministic_stratified_fatura_dev_select,false
ocrbench_924ea8a36da64d4e,ocr-benchmark-8854b5f20deb6611,fatura_page_e0a6a972378143,fatura_doc_1446239f49262b,split_bc966078a2f3e7dc,fatura,invoices_dataset_final,dev_select,data/raw/public/fatura/invoices_dataset_final/images/Template22_Instance58.jpg,9c084aef8d7923b43c5ebc2856141be71668630de9270be05b50dab1edc04a6b,data/processed/normalized_ie_annotations/fatura/fatura_page_e0a6a972378143.json,fb0f9d098ea7527b432812cd3f1163556859185e8c31a4df51f7e1bd9bd39a4f,1.0,CC-BY-4.0-Zenodo-8261508,595,841,12.0,46,invoice,tr,split_bc966078a2f3e7dc,template22,true,true,true,true,true,true,0.7440482019204828,high,medium,medium,degraded,29.219838818852367,3.7055134773254395,0,deterministic_stratified_fatura_dev_select,false
ocrbench_3553fe1e874013c5,ocr-benchmark-8854b5f20deb6611,fatura_page_e0c5c1baa42e5a,fatura_doc_253ca68719933d,split_c372ccc2dc1037ce,fatura,invoices_dataset_final,dev_select,data/raw/public/fatura/invoices_dataset_final/images/Template32_Instance35.jpg,0d3265acf9317c2605fdbbbbd4685b85a3f957fd8efdb7a95b0f14b3521664ea,data/processed/normalized_ie_annotations/fatura/fatura_page_e0c5c1baa42e5a.json,91c52a13f01f9dd0d7a220860f7573bc5cec0503b243b596df1bd3f25bc3c8e5,1.0,CC-BY-4.0-Zenodo-8261508,595,841,26.0,49,invoice,tr,split_c372ccc2dc1037ce,template32,true,true,true,true,true,true,0.9262922291389802,high,high,medium,degraded,31.354885004680803,4.291661262512207,0,deterministic_stratified_fatura_dev_select,false
ocrbench_a06a62b697c3333f,ocr-benchmark-8854b5f20deb6611,fatura_page_e2673ce11bbb95,fatura_doc_47f422aac7d292,split_bc966078a2f3e7dc,fatura,invoices_dataset_final,dev_select,data/raw/public/fatura/invoices_dataset_final/images/Template22_Instance33.jpg,6d4036a65ed416a32985e066a3327b429fa3d4cee06bce7d0b4564e0b450c5b2,data/processed/normalized_ie_annotations/fatura/fatura_page_e2673ce11bbb95.json,5db6e6c48c50ef85e6eaf973212418ca97c2056d5e6383faf8219fac26e10d20,1.0,CC-BY-4.0-Zenodo-8261508,595,841,12.0,49,invoice,tr,split_bc966078a2f3e7dc,template22,true,true,true,true,true,true,0.7935650835839687,high,medium,medium,degraded,29.265291617256135,3.497056007385254,0,deterministic_stratified_fatura_dev_select,false
ocrbench_887363fadd4eac83,ocr-benchmark-8854b5f20deb6611,fatura_page_e2e395cc73dc8d,fatura_doc_790f93df7a9499,split_bc966078a2f3e7dc,fatura,invoices_dataset_final,dev_select,data/raw/public/fatura/invoices_dataset_final/images/Template22_Instance43.jpg,a4e151ea28631342c5b995cc9f6befdfd7695f431ef9b163758047f475809b8f,data/processed/normalized_ie_annotations/fatura/fatura_page_e2e395cc73dc8d.json,5618b154b716f297e39f786ea5d6b545d31fcb9ec89ead5fdf91c3401b265676,1.0,CC-BY-4.0-Zenodo-8261508,595,841,26.0,59,invoice,tr,split_bc966078a2f3e7dc,template22,true,true,true,true,true,true,0.9388583019414662,high,high,medium,degraded,30.000764654203042,3.7347543239593506,0,deterministic_stratified_fatura_dev_select,false
ocrbench_9a9eb5a830485242,ocr-benchmark-8854b5f20deb6611,fatura_page_e3167c55506ba0,fatura_doc_3fa17781b06abd,split_75cdb402ea07f82a,fatura,invoices_dataset_final,dev_select,data/raw/public/fatura/invoices_dataset_final/images/Template10_Instance184.jpg,92efb5c140b37f6757f43b585359d6e49baa1ae1550466eed1e93cfdc8dbc431,data/processed/normalized_ie_annotations/fatura/fatura_page_e3167c55506ba0.json,f4942c8eaeb7270011f59742addedae16c90a927fc813050c221fc53bda20728,1.0,CC-BY-4.0-Zenodo-8261508,595,841,22.0,72,invoice,tr,split_75cdb402ea07f82a,template10,true,true,true,true,true,true,1.0,high,medium,medium,degraded,29.344710916179878,5.014507293701172,0,deterministic_stratified_fatura_dev_select,false
ocrbench_06ad2e8be8b18ef0,ocr-benchmark-8854b5f20deb6611,fatura_page_e387f6cb874bfe,fatura_doc_d59347205712f0,split_99182dd71253ff36,fatura,invoices_dataset_final,dev_select,data/raw/public/fatura/invoices_dataset_final/images/Template38_Instance85.jpg,bb06a4aeabf075be82c536d525f79ab392f649f7ac8b023a9805887046986c41,data/processed/normalized_ie_annotations/fatura/fatura_page_e387f6cb874bfe.json,9c9cb9d4d091eae4d0246170a906a33978c9cec9795a18e3dcec0585c5d41535,1.0,CC-BY-4.0-Zenodo-8261508,595,841,46.0,104,invoice,tr,split_99182dd71253ff36,template38,true,true,true,true,true,true,1.0,high,high,medium,degraded,31.531076090710158,6.258798599243164,0,deterministic_stratified_fatura_dev_select,false
ocrbench_fa437b88d482730d,ocr-benchmark-8854b5f20deb6611,fatura_page_e5a7355b51f915,fatura_doc_18eb3a30eaeaef,split_c372ccc2dc1037ce,fatura,invoices_dataset_final,dev_select,data/raw/public/fatura/invoices_dataset_final/images/Template32_Instance165.jpg,58ed8f91b8a3f2c16d93c9b87a87468231baa1651256fd7456d6e828d3decf1f,data/processed/normalized_ie_annotations/fatura/fatura_page_e5a7355b51f915.json,901aad427d218c68cc7da625b2d6978adec287d5fe44cee1dd93069fb7fb262f,1.0,CC-BY-4.0-Zenodo-8261508,595,841,26.0,53,invoice,tr,split_c372ccc2dc1037ce,template32,true,true,true,true,true,true,0.9512325263042196,high,high,medium,degraded,31.596657133338272,4.439882755279541,37,deterministic_stratified_fatura_dev_select,false
ocrbench_59dadf7cf998e8a9,ocr-benchmark-8854b5f20deb6611,fatura_page_e5cc7bbdbd6389,fatura_doc_687afdbd40486e,split_75cdb402ea07f82a,fatura,invoices_dataset_final,dev_select,data/raw/public/fatura/invoices_dataset_final/images/Template10_Instance192.jpg,84a271371e2e9557574d704906bf436da8c626137414423f597cf7d5292f068e,data/processed/normalized_ie_annotations/fatura/fatura_page_e5cc7bbdbd6389.json,c4baa19234d3b526093e9529d8444333e232b696680f9bf2858fd4bccb14a4d7,1.0,CC-BY-4.0-Zenodo-8261508,595,841,46.0,93,invoice,tr,split_75cdb402ea07f82a,template10,true,true,true,true,true,true,1.0,high,high,medium,degraded,30.293243227137484,5.354856491088867,37,deterministic_stratified_fatura_dev_select,false
ocrbench_a85130b024179396,ocr-benchmark-8854b5f20deb6611,fatura_page_e71537156a1ef7,fatura_doc_a7e402e6b176fc,split_75cdb402ea07f82a,fatura,invoices_dataset_final,dev_select,data/raw/public/fatura/invoices_dataset_final/images/Template10_Instance116.jpg,3235fe558394b69efb3f75308d6dd42d93a4ead25e32f51ffaf9333ad60c954b,data/processed/normalized_ie_annotations/fatura/fatura_page_e71537156a1ef7.json,5d01de5f8969c309d21c5f11ff0fac73e2b127d9e12928954fd36946a33817ea,1.0,CC-BY-4.0-Zenodo-8261508,595,841,26.0,74,invoice,tr,split_75cdb402ea07f82a,template10,true,true,true,true,true,true,1.0,high,high,medium,degraded,29.528313710654214,5.005228519439697,37,deterministic_stratified_fatura_dev_select,false
ocrbench_866ec28c09569d9a,ocr-benchmark-8854b5f20deb6611,fatura_page_e7ea33fd5c0c71,fatura_doc_e344fcf04aeb77,split_bc966078a2f3e7dc,fatura,invoices_dataset_final,dev_select,data/raw/public/fatura/invoices_dataset_final/images/Template22_Instance114.jpg,a1612ece4dce2a382ed2b97ba83b127ceb7c9301ce636399805db26ac82fcf75,data/processed/normalized_ie_annotations/fatura/fatura_page_e7ea33fd5c0c71.json,e90960f95b34e6d7fe00495250ab0cb9bc46bfd290467234475df1a680dcefb0,1.0,CC-BY-4.0-Zenodo-8261508,595,841,26.0,58,invoice,tr,split_bc966078a2f3e7dc,template22,true,true,true,true,true,true,0.9272874429200931,high,high,medium,degraded,30.571876394373913,4.3907952308654785,37,deterministic_stratified_fatura_dev_select,false
ocrbench_e47ee318a2a7134f,ocr-benchmark-8854b5f20deb6611,fatura_page_e862d68f96b7c6,fatura_doc_adc3593ee2673d,split_a4efa0cdee4a6265,fatura,invoices_dataset_final,dev_select,data/raw/public/fatura/invoices_dataset_final/images/Template15_Instance195.jpg,1b0f3aa5742f846c950e82e429118f40a6eebed1903aa85a8a66c176244a4259,data/processed/normalized_ie_annotations/fatura/fatura_page_e862d68f96b7c6.json,ae8d875c53e4b10b2681aae78ce45dd88e552f247d669f08cf98b3d2ac1bad59,1.0,CC-BY-4.0-Zenodo-8261508,595,841,26.0,49,invoice,tr,split_a4efa0cdee4a6265,template15,true,true,true,true,true,true,0.8228539453831473,high,high,medium,degraded,29.1253747332204,4.818536281585693,0,deterministic_stratified_fatura_dev_select,false
ocrbench_4bbc60700a560a52,ocr-benchmark-8854b5f20deb6611,fatura_page_e9bac1f27aa4c9,fatura_doc_d8f4ba5cc7c10e,split_75cdb402ea07f82a,fatura,invoices_dataset_final,dev_select,data/raw/public/fatura/invoices_dataset_final/images/Template10_Instance129.jpg,84d95f9e388600ccfc3dce0495c87302466c5094f85178b1ffffafc8f02fcd69,data/processed/normalized_ie_annotations/fatura/fatura_page_e9bac1f27aa4c9.json,7c31b7bceae186e7370f90eafb7046ef9faba51586dabc8dd8ac03dc6c6b0d7a,1.0,CC-BY-4.0-Zenodo-8261508,595,841,22.0,69,invoice,tr,split_75cdb402ea07f82a,template10,true,true,true,true,true,true,1.0,high,medium,medium,degraded,28.753730688135835,4.53283166885376,0,deterministic_stratified_fatura_dev_select,false
ocrbench_1e646b9e164ed8b4,ocr-benchmark-8854b5f20deb6611,fatura_page_eab0a5047403af,fatura_doc_88ec731ec2b0ad,split_99182dd71253ff36,fatura,invoices_dataset_final,dev_select,data/raw/public/fatura/invoices_dataset_final/images/Template38_Instance98.jpg,f8af891975726c2e60030f499775fcc2f4dbc2f903235cda7aef790147ffecfd,data/processed/normalized_ie_annotations/fatura/fatura_page_eab0a5047403af.json,7ed2d05e544ad41223d408724188fc6f7427d459f657b92c429cc55736bd15f2,1.0,CC-BY-4.0-Zenodo-8261508,595,841,26.0,80,invoice,tr,split_99182dd71253ff36,template38,true,true,true,true,true,true,1.0,high,high,medium,degraded,30.2220943839771,5.5811004638671875,0,deterministic_stratified_fatura_dev_select,false
ocrbench_87d10285d8c52476,ocr-benchmark-8854b5f20deb6611,fatura_page_eb2b199043fdb8,fatura_doc_2d4fc46ec235ab,split_99182dd71253ff36,fatura,invoices_dataset_final,dev_select,data/raw/public/fatura/invoices_dataset_final/images/Template38_Instance178.jpg,47b5428147e8e46d7d2096d5223a499afb4519c21bed10678e60c0c083b7a37d,data/processed/normalized_ie_annotations/fatura/fatura_page_eb2b199043fdb8.json,1339e19b761f5428eb682e44ed1759266eb9786daadddfb3ae7563fdfa70526c,1.0,CC-BY-4.0-Zenodo-8261508,595,841,46.0,102,invoice,tr,split_99182dd71253ff36,template38,true,true,true,true,true,true,1.0,high,high,medium,degraded,31.22202472725652,6.101501941680908,0,deterministic_stratified_fatura_dev_select,false
ocrbench_32ef1055191b5a57,ocr-benchmark-8854b5f20deb6611,fatura_page_ec52a8f4b87845,fatura_doc_d34e13e197a92b,split_c372ccc2dc1037ce,fatura,invoices_dataset_final,dev_select,data/raw/public/fatura/invoices_dataset_final/images/Template32_Instance104.jpg,b79e9db6f40e22ce574a0ebe33d9d836b25357d29902cb17f2146fadc1f756df,data/processed/normalized_ie_annotations/fatura/fatura_page_ec52a8f4b87845.json,cd3f408f9c4661122999c1cf91fac129121f5d85552c3f65a859644079f631ab,1.0,CC-BY-4.0-Zenodo-8261508,595,841,26.0,50,invoice,tr,split_c372ccc2dc1037ce,template32,true,true,true,true,true,true,0.7866505460686058,high,high,medium,degraded,30.822421139767027,3.8523378372192383,0,deterministic_stratified_fatura_dev_select,false
ocrbench_6dd61af9f543a9ab,ocr-benchmark-8854b5f20deb6611,fatura_page_ed7e47b9c16f76,fatura_doc_a07d0b5dc19098,split_bc966078a2f3e7dc,fatura,invoices_dataset_final,dev_select,data/raw/public/fatura/invoices_dataset_final/images/Template22_Instance53.jpg,4d256f5807b8191e09eb7ef0289bc081ff93185c6a8fcc12a879c87e93626c7c,data/processed/normalized_ie_annotations/fatura/fatura_page_ed7e47b9c16f76.json,648cbcb17320492e22949aaf5602a822f99df09df31c2420f0572d3b489f8f42,1.0,CC-BY-4.0-Zenodo-8261508,595,841,12.0,47,invoice,tr,split_bc966078a2f3e7dc,template22,true,true,true,true,true,true,0.850895792324064,high,medium,medium,degraded,29.843428244316886,3.9792137145996094,37,deterministic_stratified_fatura_dev_select,false
ocrbench_ce609228c12c7ae3,ocr-benchmark-8854b5f20deb6611,fatura_page_edaccf552e7c6c,fatura_doc_b7d7e5a1d9e408,split_bc966078a2f3e7dc,fatura,invoices_dataset_final,dev_select,data/raw/public/fatura/invoices_dataset_final/images/Template22_Instance128.jpg,3c80edbeaa97ea6aab4d12d8d71f0d954ea6677eb3e9f72c8740131d8e66328c,data/processed/normalized_ie_annotations/fatura/fatura_page_edaccf552e7c6c.json,f9e440cdbc7b817a1616cfbf696716559fff4f607271a423f128c2c5ad944adc,1.0,CC-BY-4.0-Zenodo-8261508,595,841,12.0,49,invoice,tr,split_bc966078a2f3e7dc,template22,true,true,true,true,true,true,0.8275382447866185,high,medium,medium,degraded,29.302891614946063,3.50404691696167,0,deterministic_stratified_fatura_dev_select,false
ocrbench_b33fa6928db9a741,ocr-benchmark-8854b5f20deb6611,fatura_page_edc4e308582e47,fatura_doc_3b9421b13ff15c,split_75cdb402ea07f82a,fatura,invoices_dataset_final,dev_select,data/raw/public/fatura/invoices_dataset_final/images/Template10_Instance89.jpg,7b0281e64c96a959ad955a1df80d1f30a5672951739af3baea1f00096d379b9b,data/processed/normalized_ie_annotations/fatura/fatura_page_edc4e308582e47.json,f0088f03ac481576e034b22645069aa4e73ad927248c3e7119e0987d3c2f76b6,1.0,CC-BY-4.0-Zenodo-8261508,595,841,22.0,69,invoice,tr,split_75cdb402ea07f82a,template10,true,true,true,true,true,true,1.0,high,medium,medium,degraded,28.936203220224606,4.821225166320801,37,deterministic_stratified_fatura_dev_select,false
ocrbench_455a4c3621f7c265,ocr-benchmark-8854b5f20deb6611,fatura_page_f00e19e7722c24,fatura_doc_dc54b80e8d1c35,split_75cdb402ea07f82a,fatura,invoices_dataset_final,dev_select,data/raw/public/fatura/invoices_dataset_final/images/Template10_Instance81.jpg,7ae1e3023cd500e91f8a39518e398ad7787fe730ea4221d6204c3e7040d7561e,data/processed/normalized_ie_annotations/fatura/fatura_page_f00e19e7722c24.json,864919ca5bfc1ff658751c59e5474d985aa0a1f26745e484a094d3a92166e307,1.0,CC-BY-4.0-Zenodo-8261508,595,841,22.0,68,invoice,tr,split_75cdb402ea07f82a,template10,true,true,true,true,true,true,1.0,high,medium,medium,degraded,28.963318901827435,4.779697418212891,0,deterministic_stratified_fatura_dev_select,false
ocrbench_00b71e0ea2bc498f,ocr-benchmark-8854b5f20deb6611,fatura_page_f08c8e5dde5c7c,fatura_doc_e1b14de69df89f,split_75cdb402ea07f82a,fatura,invoices_dataset_final,dev_select,data/raw/public/fatura/invoices_dataset_final/images/Template10_Instance10.jpg,fc02db3c566bfa823a54a2795506bd3493bbe324147def88f1f3bdde8c6cc2f7,data/processed/normalized_ie_annotations/fatura/fatura_page_f08c8e5dde5c7c.json,455ad5eb69eed5c0430bf7324564cbb90cc1ba4cb75705a0de8404996036c619,1.0,CC-BY-4.0-Zenodo-8261508,595,841,22.0,68,invoice,tr,split_75cdb402ea07f82a,template10,true,true,true,true,true,true,1.0,high,medium,medium,degraded,28.440409022527074,4.406789779663086,37,deterministic_stratified_fatura_dev_select,false
ocrbench_9c5663ca9d84418f,ocr-benchmark-8854b5f20deb6611,fatura_page_f22a47865ed0d2,fatura_doc_1bb3655563d9fb,split_99182dd71253ff36,fatura,invoices_dataset_final,dev_select,data/raw/public/fatura/invoices_dataset_final/images/Template38_Instance69.jpg,9972aaec554111e6150d71c417ae511a101e8a578a622243d34c42c48538cafb,data/processed/normalized_ie_annotations/fatura/fatura_page_f22a47865ed0d2.json,605e6b6636fc15b52e0e647dc107ce8b266fc30fdac63289d45d855aeaba862e,1.0,CC-BY-4.0-Zenodo-8261508,595,841,46.0,102,invoice,tr,split_99182dd71253ff36,template38,true,true,true,true,true,true,1.0,high,high,medium,degraded,31.71401426853595,6.47528076171875,0,deterministic_stratified_fatura_dev_select,false
ocrbench_f9bca5eb569e06d8,ocr-benchmark-8854b5f20deb6611,fatura_page_f267a805e2cf55,fatura_doc_6a7a9607686616,split_75cdb402ea07f82a,fatura,invoices_dataset_final,dev_select,data/raw/public/fatura/invoices_dataset_final/images/Template10_Instance99.jpg,5095d9f4e4a7034f2d2aecbfb20fda4c5fae1f52ecfd08d2c5a97e290ade3c01,data/processed/normalized_ie_annotations/fatura/fatura_page_f267a805e2cf55.json,beb5435e749c1471fe984bbdd880375cd7a996162e62b3c3bafe902e2d9c7a38,1.0,CC-BY-4.0-Zenodo-8261508,595,841,46.0,91,invoice,tr,split_75cdb402ea07f82a,template10,true,true,true,true,true,true,1.0,high,high,medium,degraded,30.53164710579078,5.614741325378418,0,deterministic_stratified_fatura_dev_select,false
ocrbench_11799017c8aa374a,ocr-benchmark-8854b5f20deb6611,fatura_page_f35652a898460d,fatura_doc_ebef56bffd07a7,split_c372ccc2dc1037ce,fatura,invoices_dataset_final,dev_select,data/raw/public/fatura/invoices_dataset_final/images/Template32_Instance117.jpg,2f1eb8d38f51f694330a2ff8a7820430f4169969d9505280a7b73371c05b1971,data/processed/normalized_ie_annotations/fatura/fatura_page_f35652a898460d.json,614f67baacd351f9fc755c739fd9ead135aaa5f4780f308550ce9eb16db48c97,1.0,CC-BY-4.0-Zenodo-8261508,595,841,26.0,58,invoice,tr,split_c372ccc2dc1037ce,template32,true,true,true,true,true,true,1.0,high,high,medium,degraded,31.601574551964312,4.239378929138184,0,deterministic_stratified_fatura_dev_select,false
ocrbench_24ac57728fe53da8,ocr-benchmark-8854b5f20deb6611,fatura_page_f51cd82d84fc22,fatura_doc_ec56530d2e3bbf,split_99182dd71253ff36,fatura,invoices_dataset_final,dev_select,data/raw/public/fatura/invoices_dataset_final/images/Template38_Instance182.jpg,f2cb44fe9f0e121c0c4f208bb96506219ff0b8009967eae4d2d1f713032d053b,data/processed/normalized_ie_annotations/fatura/fatura_page_f51cd82d84fc22.json,21f22d521768ac7d31ee70a57a46d45d2f1cb48f56ab2f170eeee74c8636a6fb,1.0,CC-BY-4.0-Zenodo-8261508,595,841,26.0,87,invoice,tr,split_99182dd71253ff36,template38,true,true,true,true,true,true,1.0,high,high,medium,degraded,30.013719801615103,5.571410179138184,0,deterministic_stratified_fatura_dev_select,false
ocrbench_1534ad2e04f9b953,ocr-benchmark-8854b5f20deb6611,fatura_page_f5c9d6f125372d,fatura_doc_032a3cd818c9f9,split_c372ccc2dc1037ce,fatura,invoices_dataset_final,dev_select,data/raw/public/fatura/invoices_dataset_final/images/Template32_Instance138.jpg,bd160f4c7af36de7131461c4bb6b1d886b3de3ed641415158e3228a9c0cc27be,data/processed/normalized_ie_annotations/fatura/fatura_page_f5c9d6f125372d.json,0dbb95be97fdc0bf3aa201232a81639c5c55c131384430146275d6c1757cbadc,1.0,CC-BY-4.0-Zenodo-8261508,595,841,26.0,49,invoice,tr,split_c372ccc2dc1037ce,template32,true,true,true,true,true,true,0.9698658060132496,high,high,medium,degraded,31.363644473644204,4.248006343841553,37,deterministic_stratified_fatura_dev_select,false
ocrbench_8f4f5dae710f677f,ocr-benchmark-8854b5f20deb6611,fatura_page_f5f9b7cfd22afa,fatura_doc_72db57eca849fb,split_bc966078a2f3e7dc,fatura,invoices_dataset_final,dev_select,data/raw/public/fatura/invoices_dataset_final/images/Template22_Instance62.jpg,84b5b3967cde3159a7fbecb898a6710c730f134d99b300953e7334cc05e0d8bd,data/processed/normalized_ie_annotations/fatura/fatura_page_f5f9b7cfd22afa.json,127df25974f3ac81e9cc40cb6cb377ca369c1c52ad365049c6af120ed47dd304,1.0,CC-BY-4.0-Zenodo-8261508,595,841,12.0,47,invoice,tr,split_bc966078a2f3e7dc,template22,true,true,true,true,true,true,0.765253449774678,high,medium,medium,degraded,29.41937437013818,3.6272571086883545,0,deterministic_stratified_fatura_dev_select,false
ocrbench_121e3373578e8f92,ocr-benchmark-8854b5f20deb6611,fatura_page_f7d002b5cc1440,fatura_doc_890bee2c219d01,split_a4efa0cdee4a6265,fatura,invoices_dataset_final,dev_select,data/raw/public/fatura/invoices_dataset_final/images/Template15_Instance68.jpg,6835e69a0cb673798af64e837e0116651dfa920926cd67273ce8ddee82c5626e,data/processed/normalized_ie_annotations/fatura/fatura_page_f7d002b5cc1440.json,f5679a6430e9a7449d615d1f29f25bef29be768c3f178fa50f28a715f8ae2f20,1.0,CC-BY-4.0-Zenodo-8261508,595,841,26.0,52,invoice,tr,split_a4efa0cdee4a6265,template15,true,true,true,true,true,true,1.0,high,high,medium,degraded,29.879351884724855,5.140259742736816,0,deterministic_stratified_fatura_dev_select,false
ocrbench_b58f58df51562139,ocr-benchmark-8854b5f20deb6611,fatura_page_f84bcd083f2595,fatura_doc_0717981956dcff,split_bc966078a2f3e7dc,fatura,invoices_dataset_final,dev_select,data/raw/public/fatura/invoices_dataset_final/images/Template22_Instance32.jpg,44c3c68e54aa0c3b8d3ff68c780fc8db9edd0843364b2389f2c97758fe6069f1,data/processed/normalized_ie_annotations/fatura/fatura_page_f84bcd083f2595.json,8b5907ec3401213c607d7a2cce6632c1a0b7bb6606116612fde7a867a1b9a728,1.0,CC-BY-4.0-Zenodo-8261508,595,841,12.0,49,invoice,tr,split_bc966078a2f3e7dc,template22,true,true,true,true,true,true,0.7429810449744702,high,medium,medium,degraded,29.244683833670848,3.5599632263183594,37,deterministic_stratified_fatura_dev_select,false
ocrbench_c2614570cbbf2404,ocr-benchmark-8854b5f20deb6611,fatura_page_f9c67aa66d3c86,fatura_doc_8c30e9116d6b26,split_c372ccc2dc1037ce,fatura,invoices_dataset_final,dev_select,data/raw/public/fatura/invoices_dataset_final/images/Template32_Instance21.jpg,fbcfb4f2d39668c5d8f0621427d772669e3b5044e32c2f9a7279cae08464f25f,data/processed/normalized_ie_annotations/fatura/fatura_page_f9c67aa66d3c86.json,2f4a4e3a0bf4eb51c369170b1874287a4d27a07a440a77fe2a094b077e39f119,1.0,CC-BY-4.0-Zenodo-8261508,595,841,26.0,48,invoice,tr,split_c372ccc2dc1037ce,template32,true,true,true,true,true,true,0.824396726585997,high,high,medium,degraded,30.863420759870593,3.8333306312561035,0,deterministic_stratified_fatura_dev_select,false
ocrbench_e96004d336842014,ocr-benchmark-8854b5f20deb6611,fatura_page_fa88e514a6209d,fatura_doc_a7b87d9bc10850,split_75cdb402ea07f82a,fatura,invoices_dataset_final,dev_select,data/raw/public/fatura/invoices_dataset_final/images/Template10_Instance133.jpg,3b5209c7d8152dfcfbb0cbd1b0c1e535a3bb9409ab202dc62217ba493c1a4eae,data/processed/normalized_ie_annotations/fatura/fatura_page_fa88e514a6209d.json,8c35e3d3999338c8105773ff68c4f890e9110e1c6038c43bbe09269af5691631,1.0,CC-BY-4.0-Zenodo-8261508,595,841,46.0,90,invoice,tr,split_75cdb402ea07f82a,template10,true,true,true,true,true,true,1.0,high,high,medium,degraded,30.186223025843518,5.378740310668945,37,deterministic_stratified_fatura_dev_select,false
ocrbench_21f04de86b858136,ocr-benchmark-8854b5f20deb6611,fatura_page_fc5e7455743378,fatura_doc_f2ec65c9930385,split_c372ccc2dc1037ce,fatura,invoices_dataset_final,dev_select,data/raw/public/fatura/invoices_dataset_final/images/Template32_Instance196.jpg,539c5e674995c0aa3c599b38466d8c74541d5317bccbb47a1a9554c4ad831fb1,data/processed/normalized_ie_annotations/fatura/fatura_page_fc5e7455743378.json,35d5ae0bb99c305dbe292c0cc3aa674694ea67a1ef24b30d8ef18443d1245c7c,1.0,CC-BY-4.0-Zenodo-8261508,595,841,26.0,51,invoice,tr,split_c372ccc2dc1037ce,template32,true,true,true,true,true,true,0.811662786398745,high,high,medium,degraded,30.70331529450101,3.758690357208252,37,deterministic_stratified_fatura_dev_select,false
ocrbench_1a1edfc2a141b633,ocr-benchmark-8854b5f20deb6611,fatura_page_fd51ce09ca57c3,fatura_doc_1aa43d0319be8a,split_75cdb402ea07f82a,fatura,invoices_dataset_final,dev_select,data/raw/public/fatura/invoices_dataset_final/images/Template10_Instance95.jpg,ddfaab7ce3b06118240edea67c2ab1bf21c06a30ff6a430db5b6f67a469f7dfd,data/processed/normalized_ie_annotations/fatura/fatura_page_fd51ce09ca57c3.json,516bd876c652566a5444bbb816e68ffb1eeba4c1f23017fca0c3a7dc430bbd55,1.0,CC-BY-4.0-Zenodo-8261508,595,841,22.0,69,invoice,tr,split_75cdb402ea07f82a,template10,true,true,true,true,true,true,1.0,high,medium,medium,degraded,29.26356620973087,4.929643154144287,0,deterministic_stratified_fatura_dev_select,false
ocrbench_d092c40c2c6a23f2,ocr-benchmark-8854b5f20deb6611,fatura_page_fd6db33829b791,fatura_doc_c428920d1272c3,split_75cdb402ea07f82a,fatura,invoices_dataset_final,dev_select,data/raw/public/fatura/invoices_dataset_final/images/Template10_Instance59.jpg,7be2eec4eba06ab3beaab2e390f58013aabcfba1866487b59590d12fabff86df,data/processed/normalized_ie_annotations/fatura/fatura_page_fd6db33829b791.json,5dccc6a278f1dc5058f899d715d1178e67a5eed8f91758d2d4b0858b28dc59ac,1.0,CC-BY-4.0-Zenodo-8261508,595,841,22.0,69,invoice,tr,split_75cdb402ea07f82a,template10,true,true,true,true,true,true,1.0,high,medium,medium,degraded,28.633017791160558,4.608875274658203,0,deterministic_stratified_fatura_dev_select,false
ocrbench_2045d1d01fbf617b,ocr-benchmark-8854b5f20deb6611,fatura_page_fdfa0ab7a84000,fatura_doc_9e5e9956380259,split_c372ccc2dc1037ce,fatura,invoices_dataset_final,dev_select,data/raw/public/fatura/invoices_dataset_final/images/Template32_Instance77.jpg,d15ca7b492ecbf9e515e7cc825205d904a28b900296e8b686d9b737a55777510,data/processed/normalized_ie_annotations/fatura/fatura_page_fdfa0ab7a84000.json,3d05a8a09dfe9084215d1232e8615e75ee99d38a89e26c0641887617dabb6682,1.0,CC-BY-4.0-Zenodo-8261508,595,841,26.0,49,invoice,tr,split_c372ccc2dc1037ce,template32,true,true,true,true,true,true,0.7604872151000709,high,high,medium,degraded,30.619724002253506,3.8312835693359375,37,deterministic_stratified_fatura_dev_select,false
ocrbench_ca39678d9ff6e0f2,ocr-benchmark-8854b5f20deb6611,fatura_page_ffbaf8a94fde0b,fatura_doc_3bc6d9a47db495,split_99182dd71253ff36,fatura,invoices_dataset_final,dev_select,data/raw/public/fatura/invoices_dataset_final/images/Template38_Instance79.jpg,d7b7475d0c0153aedda6ccf9d091e057856e05db6aa74d9e434264be5b2f709a,data/processed/normalized_ie_annotations/fatura/fatura_page_ffbaf8a94fde0b.json,61bede7b37bebc5203f1318e3479c21834c2c5793ec29af65d212907ade0d93f,1.0,CC-BY-4.0-Zenodo-8261508,595,841,46.0,104,invoice,tr,split_99182dd71253ff36,template38,true,true,true,true,true,true,1.0,high,high,medium,degraded,32.015419233187224,7.115331649780273,37,deterministic_stratified_fatura_dev_select,false
ocrbench_7695f58543cb73a4,ocr-benchmark-8854b5f20deb6611,fatura_page_ffdaf37c2767ba,fatura_doc_fffd7b3fe61094,split_99182dd71253ff36,fatura,invoices_dataset_final,dev_select,data/raw/public/fatura/invoices_dataset_final/images/Template38_Instance195.jpg,f3c5bbd73ccb7c6ef19834c3d3ace3a71ebd0898fdd434a840949c270c4c2259,data/processed/normalized_ie_annotations/fatura/fatura_page_ffdaf37c2767ba.json,0d77eb43969fafa4a3b12e3482877390911d7b281d957d6d798c9b404fd18674,1.0,CC-BY-4.0-Zenodo-8261508,595,841,46.0,108,invoice,tr,split_99182dd71253ff36,template38,true,true,true,true,true,true,1.0,high,high,medium,degraded,31.41101428432347,6.433064937591553,0,deterministic_stratified_fatura_dev_select,false
